var1,var2,var3,var4,var5,var6,var7,var8,var9,var10,var11,Class
0.36004308697327225,-3.3326218635776144,-0.9049650673002405,1.392821753760291,0.41668891958423215,A,-0.0004368978466515168,-0.9618359030375254,C,D,-0.1135690963233067,0
0.051517122267639825,-2.8368092521244566,-0.9239779739998562,1.8243275981432066,-1.039463860208079,A,-0.027272543989694815,0.7119804298168086,D,E,-1.1751586015817646,0
-0.6451612585109632,-0.3829949947353468,1.2986461283535584,-0.8463302682193575,3.12017982807098,B,0.07309695314542519,2.2079889814500135,C,A,-1.8898251964883586,0
-0.9976559819098112,-1.0495260402624114,0.24618962723692106,2.870223358325091,1.433241187025432,B,-0.04817607979734867,2.0823122682996535,B,B,-3.6131857002779295,0
-0.5808856659895694,-1.8412214431327933,2.9671727602240936,1.6124355315112946,-0.9138678277641319,A,-0.2077661916977724,-1.8497465682204464,C,A,-1.0195059941599163,0
3.4118058019404787,-0.37012424812935696,0.855935435791452,0.2522517656046095,0.6089895748410459,A,0.08619771154234884,2.6684819666918496,A,E,1.3431047967102225,0
-2.132073416128521,1.9171679319759698,1.8071302872867916,-0.653147388569933,-0.9328756527370857,B,-0.14014350779806825,-1.6098812802523508,C,C,-0.01928083360823618,0
-0.02582410809412594,0.841055814213125,-1.054025534728468,0.9431012610970019,-2.826345399867489,B,0.07693142085088811,-0.6926839932732274,D,D,-0.13801953238752318,0
-1.7182548255704861,1.9583746915548383,-1.023291926519033,5.597908574857237,2.9313815842812243,B,-0.03567630031251934,1.0015480979503728,A,A,0.5394140103755165,0
-4.268215798112239,-0.3367191361741412,0.9701350310218841,-2.606459722935475,0.6777786588397011,A,-0.03095878296555912,-0.24594638115688616,C,D,1.0606271589044678,0
0.3206434517192642,-2.1095947581926477,2.0892872228705013,-1.2009112068727616,-0.27504026150972627,A,0.06299865401304473,0.04197455252960103,A,B,-1.5501953035266864,0
-2.5720624096351035,-2.486806852695296,1.453368445246649,2.405000090637179,1.987533954337148,B,0.038450351545051276,-0.3586212471489897,A,A,-0.5754597294292616,0
-1.2329222115268461,-3.3501222140603963,2.6187272939234774,1.6999959658234034,0.5428726397674162,A,0.041458587416221104,-1.7795626647448626,D,C,-1.3632776410498493,0
-1.2953198877637981,0.2806531066353528,-0.8336446796627789,-1.0624292379185158,2.346894556212178,A,-0.10677245949027309,-0.6456847425846342,C,B,2.745919707340769,0
-1.8494626854492995,0.4322373013497486,-5.116141097879998,-2.4895275326112802,-0.820969158276126,B,-0.049690272961654125,2.041887379934021,E,A,0.745420410318419,0
-2.663416043625705,-0.285831459155947,-0.3625584171041021,-1.4569399627051376,1.0016795659788502,A,0.013067973854149935,-0.47532532880590916,B,E,0.5216121378717263,0
-0.26900562610423706,-2.659287662601595,1.0207210571876,-0.0854493859614538,-3.435452611587146,A,0.060379361623752174,-0.3292459968285659,B,B,-3.1456408259285293,0
-0.6028570750715787,-3.245594775050889,0.4220817059888715,-0.6197719337486898,-1.1048947047148152,A,-0.0591833610759995,2.160990065474298,C,E,-0.7512687593215202,0
-1.0807439977709932,1.1644122003155455,0.9357838744373164,-0.2883911368847403,-0.15743414948373546,B,-0.08521953360091486,0.5553296364688596,B,D,1.7540541405334826,0
-1.170475624300985,1.3914326954142942,0.8016015993485279,-0.27250686814724445,-1.7812394538572751,B,0.02280993756283462,-1.711944102899205,D,D,2.022389199549479,0
1.943915259039819,-1.642756361680291,-0.2876316687127356,-1.9007325978677923,-2.67828580677903,B,-0.00842556845242034,-1.094395767356215,C,B,0.42328026741403013,0
-1.7918684640502474,-1.5618498348241396,-2.54106771878859,1.1841255026994737,-0.8035749658458569,B,0.04387683039626148,-0.34961003699024107,C,C,0.08374132032315162,0
2.709212619406674,-1.597684416598262,-0.16271099332435912,0.6021882205646518,-1.3825976850645938,A,-0.0810485298900811,-0.2259569371055834,C,E,4.805676857740463,0
-2.1775819507655934,-1.3740653808917098,-3.0022708723384977,0.9197285005164388,0.4677047564254426,B,-0.1079871478709852,3.8011377963606874,C,B,-0.35367658045747175,0
-0.7997206852477,-2.160736511594488,0.638862001180778,-1.9394519604385267,-0.7270740822404086,A,-0.10079852916321329,-0.2035127509497867,D,D,2.48956593625767,0
0.8458733530400155,1.1368215147381004,-0.6725010909250324,-1.8284734729908974,-2.7671815682501744,A,0.10339551594349627,0.5863469004284616,E,D,2.258806887997439,0
1.3226802645722955,-1.0051964089262928,0.6533581609415471,1.9800802411121956,0.561968808517416,A,0.07144888783529588,4.023212268361933,A,A,-0.9670273848650317,0
-3.1906226472326336,1.408735454888948,-3.6970501072113144,0.8429116527433881,0.1919223969770132,B,-0.1461883574305814,-2.100573180826779,E,B,2.061088392482298,0
1.6569375758649345,-2.8890485685522562,-0.7354297040027212,2.1095594677157266,0.20823563233605247,A,-0.1317968559292932,-0.5972543483160773,A,D,-0.32014105136805027,0
-0.5539103023812371,-3.0834823971786145,0.7346043205236422,1.1595107515494445,-1.9220235771332415,B,0.1574113104212288,-2.1843887566774995,D,B,1.4816252394137588,0
-0.33552010238458696,-0.7222445845455304,1.5861961969700187,3.280177162892437,0.4378139234518954,A,-0.16811812572289728,0.5440312081316825,C,C,-0.7029767951981121,0
-4.113341474566935,-2.2310183794777023,-0.008585044300842393,-3.0250400458795976,1.4423332307464132,B,0.045474954699874726,-2.63893930262328,D,D,0.6587875657593933,0
1.1737643572910845,-2.8718530192091607,-0.44348529031164174,-3.1984286668531214,2.88094033392381,B,-0.09043896638963447,-1.0116384183484062,B,A,-2.9870798364039066,0
-2.9786010771569127,3.599696532220702,-2.591961404655251,1.0907715862649712,2.503449087869873,B,-0.05940217903730453,-1.0593803252615863,E,B,3.7391474734074723,0
-0.5956005630159792,-1.6646822103696257,-0.6276958119830112,1.3418502054260613,0.6781312479516652,B,-0.04877638159710139,0.005894981789599907,E,A,-2.165496127903106,0
0.011393160597115592,-0.7474881212974294,4.285048284547804,-3.4296426453663234,1.0388588950110318,B,0.043265775376450606,-0.6347756774537314,B,E,1.7792745443744327,0
0.39874230747972317,-1.0304333026430863,0.36666350944229675,3.098478320601946,1.968335973720892,A,-0.11678100491076565,-0.3017184211427484,B,C,0.8320075883596594,0
-0.5783381892284394,-0.8538780646997268,2.2661442783847887,0.06782243267748733,1.4775872709711166,A,0.08970841265769333,-1.0870844050677277,B,B,0.9219184605501878,0
0.5614878558287675,-1.174372002977394,1.6861067909146426,1.2781289465069374,-0.9624708481903954,B,0.10847219258935761,-1.4761831712617544,D,D,0.686919961724775,0
-0.042883301505851845,3.1775241667790457,-1.198655486880784,-0.42704167654220637,2.4961979079040364,A,0.07877698462361299,-0.8088741538412081,E,B,-0.23411898002297826,0
4.631887280992662,0.6732584991763411,-1.3711640896159425,-1.2558880322815091,-0.9680234415206389,A,0.0005192287984743885,-2.209826506153756,D,E,4.1689222894965035,0
1.527158294658396,-0.3025943639615316,0.8622709378085959,-2.604727053037245,-2.1053504162738172,B,0.10379613693459555,-0.09684963564005222,A,E,1.0155582552741191,0
-2.3680802319075775,1.7833396389425817,-1.7404304916433893,-3.021267886571307,-2.613772899861515,B,-0.06384965171024691,1.068614579351339,C,B,2.3598857804457154,0
-2.461960805392863,1.1301414481173206,1.1759908224140048,2.4841254793063716,-0.20395863291464666,B,-0.07020690777385541,-0.046823577515923365,B,B,-1.3663014790748211,0
-1.774559212226058,0.015501026517625194,-1.6292136239767152,0.840884999699294,-2.1450535484958246,B,0.00961028516118971,-2.8058029504435327,B,B,-0.23323675878750905,0
-3.129370003711449,-1.5258371219927298,0.1825508698720899,-0.8944223564873715,1.4753772712832744,B,0.047610711746349586,1.9547972351701743,B,B,-2.811881742390583,0
0.16150592144299925,1.0674646517155786,1.5434381252920328,0.7287340524364174,0.7850556560839475,B,0.10534170483355135,-0.24628308188714443,D,E,2.6727799588581824,0
4.032540022032622,-2.605499250450113,0.6866492833477886,5.162124695048402,-0.48977367072562283,A,-0.20832697596195363,1.8693914997065084,A,A,-3.7584686678604484,0
0.31818211164152066,2.9739207497334905,0.7131187155021188,-0.876883155090332,-2.6924469999987,A,0.008477850652523931,-2.8565879419299276,E,E,3.2916352351010723,0
-4.643005099125146,-3.2829537413171272,0.24288780197316973,0.6359585969062138,-1.1406551305350567,A,0.024341624223127162,-0.5994053359730726,C,D,-1.1924868802279276,0
-1.449839150845012,-3.571156208353323,0.9746879913146556,-1.2929425180905607,0.7015772382072897,A,0.002817665110999082,-3.6612787882332967,A,E,0.28856649778516097,0
-1.1031831367283038,-0.3914460943969762,1.7775495682582525,1.9147924616707637,-0.8308425069957892,B,-0.07248888176370445,1.2490620412138016,C,B,-1.2676671261461518,0
-0.8602099807598044,-0.9604469135717488,-0.37499842101217884,0.3239216137021602,-1.0100068046266641,B,0.09120746151792251,-3.7405652456605933,C,D,3.27938440653171,0
-2.5271740070085986,1.4788809811118822,4.7297182797963595,-0.6355185450755626,-0.6030822329200369,B,0.14750348226264018,-2.3090173194499277,B,E,3.981374286088208,0
0.6363681674663441,-1.798161349739246,0.07358715231054525,-3.275930207615975,0.9832852947138035,B,0.0916142714194083,-1.86264375052281,C,E,5.910899323256705,0
2.2896794491075827,0.24059121968639374,0.7888508810163953,0.6221422513107648,1.692365131796222,A,0.12352085524105012,-2.999768285575037,D,C,-0.3287153170831316,0
-1.2755510779065333,-2.7402901151622463,-2.309665492948632,-1.5051455518068426,-2.1660161062896726,B,0.14206387081109287,1.0324200376926427,D,B,-2.1799546356247617,0
-3.474309909342061,-1.8517435732279388,-0.6803335939466031,-0.0033357613094844307,-2.4992498632878304,B,-0.041476140216522406,-0.7145382426491338,B,D,-0.2008386924067722,0
-1.2126213328262132,-1.5721991045851236,-0.13628540665165878,0.7622323255234993,2.4773562641776388,B,0.04537927609223571,1.0811629434024166,C,E,-1.7152647947448414,0
1.1346960650186269,-1.3100875718074751,1.383910597021578,0.8866880889532289,-2.0194036063255423,B,-0.3162440073504608,-0.41680869663155495,C,D,-2.125890001153277,0
-0.47147999283637365,-2.7062440903301592,2.766223582461466,2.542871295947416,-1.5094162778621878,B,-0.03685764172823131,2.5807020680236694,D,D,-3.7165425742396363,0
-2.284557753710665,-1.4243272598712813,-4.8476300061591,-3.678383200019536,2.5506750156060924,B,-0.07602231687815664,2.847236669506363,E,B,-1.9290753774827167,0
1.1923447736060568,-1.9590663333819596,-0.253768290714836,-1.2734214887999655,0.6501802973168853,B,-0.037714708228286105,-0.7762498967487731,B,B,-1.970280000546519,0
0.9463759681325858,0.11781055769485604,0.6313039177891842,-0.8236012131714607,-2.0032479998067787,B,-0.05231085375926334,1.6065010656633123,A,B,0.40486624559710327,0
-1.6209389440589388,-0.6817814994739939,-1.5729987514570838,-1.1833322590589375,-0.19321390651475623,B,0.05836356130417691,2.0200374142256257,D,B,0.009935915850143529,0
1.569739240488238,-1.7450240655832907,0.47597572899180196,3.1102776221087263,-0.4514747902601033,A,-0.09099601587805993,1.4593395024189757,A,B,0.20489755101489127,0
-0.416027347386665,-3.341641024687178,1.6385211708747551,1.9411872999641049,-1.5146298775520974,A,0.0679609185440141,-0.5079244349279208,E,C,-3.0282092489589125,0
2.897417016759116,1.9361301793066197,-3.3690615418696606,0.21420106504792313,-2.1073373940659965,A,0.024065278399031338,0.24837960442156093,B,D,1.1829210692484076,0
-4.959075097350127,-0.4843491420432917,3.0130261384787036,5.043577402306894,3.856338867521653,B,-0.03149059885194931,0.35809504039523343,B,C,-0.6404363513975999,0
0.08405626473478833,1.4092050423310036,2.8989415503080957,0.5330933860860294,2.8013733920646233,A,-0.16751441690407293,0.7772707553745378,D,A,0.18418188795178947,0
-1.978585438934151,1.6701102264799785,-1.9043165623083236,-2.019749163572699,1.0980056616751925,B,-0.06383437228775045,1.9378194594396032,E,C,0.8096285829931156,0
0.9153875409517094,-0.5194810985076324,1.5149918203626938,-0.375804957712508,-1.7011205752716585,B,-0.04039434245428539,0.7121767640818939,B,D,-0.24025801910591504,0
1.2984531210223147,-4.403076081909465,-3.128070891917057,-2.155294082644602,-1.6924179755353772,A,-0.036666944174337475,-1.165479331356163,C,B,-2.8673288509969126,0
-2.3341786898448085,-0.951912984490192,0.6004447751820243,-1.7993976263581366,-1.1220882479941616,B,-0.010807817330249811,1.6732739878034883,B,C,2.2251666162579475,0
1.2217421577586052,-3.800548473636727,-2.9871271667189285,-1.021679426050834,-1.5940993456446666,A,-0.3275638489334895,-0.7518514791845602,A,E,0.35333926780948843,0
0.7097172840935877,-2.2351056457424012,-1.7584408069000812,-1.7074891824450904,0.07404281118906986,A,0.08638889513828037,0.5492453995490916,C,E,4.092154168312544,0
-2.356787816116344,-0.12100322924961904,-1.6030132498701228,-1.8105992508569533,-0.260968795423433,B,-0.1123933958837184,1.550266372207428,E,B,0.4860213764021011,0
-1.7350475279050976,-3.3665275278338984,0.3235675725000354,-0.08030456373364125,-1.2718743658168568,A,0.042256284287944895,-2.4519499915427643,B,A,-2.40860772212106,0
-0.45011291289773714,-1.952752743942365,4.793551908787121,1.4771113023370543,-2.148248275746103,A,0.10805699064403401,0.19182523264701223,E,C,1.7836283443670673,0
1.9970271749594515,1.4131868535953571,-4.456727726540832,1.696165755646235,1.3619699066224213,B,-0.21703307866621815,-3.24547340348861,B,C,1.9727646038914934,0
-2.8022711359171426,2.885770065451347,-2.3640046346202905,-2.6190561287906524,3.1476045209679717,B,0.09045291383726588,1.4879772466797374,E,B,1.5170764997125086,0
-2.7296359436640945,-4.230948808567652,7.848204683223565,2.3000882487309275,-2.0814514923669414,B,0.016888839809527424,-0.2961171742397116,B,B,0.5094672565209049,0
-0.601754233751153,-0.6924308059381022,-2.7450500168477285,3.18845391594701,1.779797847279839,A,0.023496146693128217,-2.9926248907578867,C,B,0.5782988621343248,0
-0.41277118447819183,-0.28354673446446155,1.0446527757962327,0.4894224587103564,-1.8842303041793154,B,0.12295917228707383,0.32847232915966984,D,C,0.833789422995264,0
-1.4102212881205611,1.5089035314169532,1.9926477237947307,0.627847774534079,4.344094125717499,A,-0.078958470273357,3.0688528519660014,B,B,2.1514679948453193,0
-0.5627221770660542,2.027284166875558,-1.5931535947194049,1.3487450147671591,2.876886935585256,B,-0.08563386452171223,1.859810818429414,D,A,-2.794780751363757,0
1.7718262439705639,-1.742578881025727,1.5373632449884402,1.0559417319346938,1.8731784320068778,A,-0.07627444627811387,2.8706349943741336,A,C,1.8135257245795136,0
-4.217732859680881,0.37247191685451275,0.7573272309987585,5.009462480339786,2.5659560256022766,A,0.13860463465814946,-2.494552238497687,E,B,0.2844169454295917,0
-1.272762061720915,0.5607827572191818,-0.5741458477183168,0.08365646370861901,-0.15328596462195088,B,0.11245264476280702,0.1580612352432782,E,D,0.29244500565587894,0
-3.348550881969639,-1.1926945489314034,-1.8461613819959606,-3.1846337402952534,-0.3099086117061758,A,0.13526249205495566,1.1415218737254231,D,D,2.3557465908303197,0
-3.737057933866212,1.6413724748998444,0.21702875290576817,-3.6670472095486324,-1.251048574297037,A,0.015869455643411395,-4.576628972414439,E,C,-1.904860186232776,0
-0.06573149153199664,-4.828916138019526,-0.374442188009786,2.49343955139271,0.7212890881821191,A,0.06950316979126098,-4.109308916088514,A,B,-1.054141610378128,0
2.942064873915777,-1.5770785484090437,1.661359146068839,-5.245724461520327,-2.4069200966091353,A,-0.0017110385830593632,-3.7962805775621784,C,E,-0.45724219387726994,0
-1.5709028335242121,-2.2353127897411955,4.161912695757801,0.6060476064005906,-0.48896077222459,A,0.11957778263285233,-0.7678653712932288,D,B,1.4484421416933722,0
1.014283619743209,-4.839656446471736,1.8876041348244508,-1.3040488069847271,-0.778639464157356,A,-0.0012178938377220407,1.8916516407304669,C,B,2.4508376348765477,0
1.5263199776741825,-1.715986612057259,-2.3017423411092937,2.9352433004567184,-0.5739721147039372,A,0.03507580580947178,2.1655442677796355,B,A,0.5002585067718393,0
-2.5797707694980865,-0.5827835300409439,0.7032229613021046,1.3766838363456722,0.16624576548135517,B,-0.189434438415671,-1.3944844983368951,B,C,-0.41603035360183815,0
0.4201935639635308,2.9498939982565586,0.04499281881167283,-0.41903868382351006,3.334059568484314,A,-0.09956302345775589,0.2808507677013101,D,D,-1.5339268711123484,0
0.4687307859511829,-3.773784503003078,1.2466650345771204,-0.8442318398684787,-0.35961830040248177,A,-0.24261326786759096,-0.707106408771488,A,E,-0.7366228257915939,0
-0.8666455422190593,-2.1664990119694285,3.790229122641672,-1.7563200447546654,1.2350595534961282,B,-0.033717115963695324,-0.16978652987284693,B,D,0.8132384837070172,0
2.192154541978611,0.49304477467365104,1.0613633871731247,3.1561357812503528,1.9670904004478142,A,-0.09717986515992108,2.840784566538522,B,A,-2.3435228404736685,0
4.251146517022081,-0.2220296100885808,-1.4153862444532117,1.1010096846782378,1.4847624928491536,A,0.03648739400295998,4.818619430382865,B,B,-1.6580823532041014,0
0.08556029761203154,0.28802650861685586,2.164315807849658,-0.5095013727893786,1.3959939436944389,A,-0.09471735828957853,-0.7610577987562589,E,C,-0.11701667915294123,0
2.0066293306746026,0.7239825504678103,1.6567951550897528,-1.6803739475773622,1.6267025552580345,A,-0.04822578989805873,-0.116264565561504,B,D,-0.9724558638023413,0
-2.620523859587528,-2.137051377383818,3.990603197981574,0.2640036744871639,-0.4001552182805661,B,-0.018219902772134432,-0.21138488679794398,C,C,-0.492251509216306,0
2.6494065723514915,-1.796901893864407,-0.7299378150098095,-0.4848642711979314,0.7432731326797193,B,-0.1133387666222555,0.5251326745128422,E,A,3.8343029933377815,0
-0.6001892618415151,0.4172246930532808,-2.198691438645316,-2.7180984455130295,2.1371800747346237,B,-0.040499853089819016,1.522589826578513,E,B,-1.272715674047431,0
-2.3038522048515877,-1.063912156746515,0.8414680431119721,1.2899107013263835,1.211417267338307,B,0.12189578915589393,1.0642444784791594,B,A,-1.8280771178828585,0
-0.13201343749851768,-2.6896412627837982,-1.422041087158542,1.339927842107124,0.09388221669346442,A,0.08705225602234917,-0.3034500327543167,A,E,0.08380822537142663,0
0.21854893063351521,0.8956735638043807,1.995663590896211,1.6347351773179646,1.375127260595428,B,0.06537165756064808,0.024488822779199393,D,B,1.0909838855463874,0
2.5749024730794243,-3.7259599923029763,-1.107775917322238,-0.020745941001806045,-0.8861765164156132,A,-0.011814542790556666,-0.4865105899444637,A,D,2.411563298691687,0
-3.5967789915453556,-1.9867558917178876,-2.493961746845283,-0.18876990387327264,-0.38806058834887325,A,0.018787350259797005,-3.37792960474826,B,D,0.5975024301102306,0
0.09123227804713241,-3.6264707521770054,-1.1054780654331722,0.3966263404913102,-1.57421582129622,A,-0.09428316442361362,-1.9421234299243213,A,E,-1.1393473876153726,0
2.0114351007181135,-3.985714285803581,1.0353698911548985,3.874625083766253,1.862981744502547,A,0.13383276149907675,-1.5459929123986647,A,B,-0.14450676227373016,0
0.8418089230384044,-0.9657996018129736,-0.946505622773596,3.7913221453976007,0.16078479413068025,B,-0.08389403579521287,-0.23734831397514156,A,A,-0.9173811637414777,0
0.49935372277936607,-1.2175943967623954,2.757009570060002,-2.5162650980208867,0.9665197510041699,B,-0.021774991671162154,0.554608126036306,C,D,1.3262504623215374,0
3.520973454118744,-3.5359916694780074,-2.6335347675593725,3.434212048910312,-0.8185410931180179,B,0.056955766328749935,-1.976277930573624,A,B,2.82921830112488,0
1.1850229636551273,-3.5395261330301278,-0.19746992843428268,-0.7694233374271049,1.8591756550465934,B,-0.060329857261423814,-0.8457979217095658,C,B,-3.3970458064189275,0
1.3388341271728526,-2.0742410968099176,-0.6260053444921738,-0.9527484535346542,-3.706125365741139,A,-0.03422689103316875,-2.083966037951706,D,C,-2.582351388649851,0
1.6292751387476332,-0.25722820639610633,1.3038823121035565,0.22246305794002186,-1.0597017514301093,B,-0.12683010281180848,1.8194070514878646,D,B,-1.6281105814967445,0
2.5879558136108702,-0.7842913195960592,2.9326728144673426,0.29430816525936576,0.6167346902686066,B,0.1702777848109642,-0.9788135114588961,D,B,-0.4104571334160376,0
-3.394903551908246,0.4877702098211034,1.7781797435152265,3.167064643389407,0.895558467269782,B,0.1742334982081748,-0.7298296284251551,A,D,-0.9484147584223699,0
-1.8636338449977545,0.7766915138509034,-1.7351310290332203,-0.5155363470665573,1.2847732988962663,A,-0.061902263466674004,1.3241206020182181,D,D,2.116878695170268,0
-0.7286651342159229,-1.070276898948665,2.6446765420145804,-1.0230227052368701,-0.9140970604247897,A,-0.12098170033281952,-2.200215438802066,C,D,1.5446195090523287,0
0.44761454985924987,-2.1729682541952533,0.328124513680375,-1.1200007494042628,0.2366067985093574,A,-0.041202843052968126,2.1696984823131906,B,B,1.5761741156745588,0
-2.245841451385428,1.7968714030928874,0.949828334913903,-2.90923895197627,0.9787910308516765,A,0.04060331598550071,-1.8107436077266477,D,A,-1.354257129037415,0
-2.4150396324468515,-1.1975685790554795,2.9356906661698305,1.6007491775896496,-3.4983949181199283,B,0.004279157622414271,0.2682456034109957,E,B,0.0878043450517223,0
2.151027096066443,-0.34563121756220505,1.3061672339143393,2.2574161093034277,2.811704277308107,B,0.0909037484448077,0.3851109796635708,C,B,4.31865298159846,0
1.487787089782544,-0.7190901619380332,-1.4267047197984932,-3.165337634886336,-3.127583440390893,B,-0.021799107337763197,-0.8114236127607367,D,B,1.0069172380777107,0
1.218768729822274,-1.7737458692309997,-1.4914718155504576,0.6841187160696951,-3.094864352234642,B,-0.0002000461503262318,0.7111078954946153,D,E,4.074247123488647,0
1.5740868161771417,0.8614199458608676,-2.055224004146488,-1.2305865760780414,1.1809568113019981,A,-0.0006052989024424043,1.3097056243628185,E,E,1.7265738411960208,0
-1.4826199495854737,-1.3327728492210555,1.1878837374730102,2.2878269723882525,-0.3736410603964829,A,0.24317325317412714,-0.8326854330150981,E,D,-0.20457174653838361,0
0.8859262560310454,-4.817002494929179,2.703895694339198,-2.8158943602101028,-2.019869923345682,A,0.16635180333234292,-0.69048656512005,C,D,2.3222730558158666,0
-2.915085091661254,1.234614982242011,2.4909276214864127,3.200448726091363,1.891482391683879,B,-0.009827390588174686,-1.634710299575287,B,E,0.02560320031746932,0
-0.8417130948565357,-1.3692379917064665,-0.1739795102449715,0.15002679872046254,-2.2953203660213988,A,0.008660251263593113,-3.0592324041020746,C,A,-2.7020617267111215,0
-5.15214653569827,-2.7413332005015656,0.3649637648491706,-0.5226080653118983,-0.9382023504545227,A,-0.17759200211245524,0.46930806532147273,E,E,0.02340211743033127,0
-0.8207145301855986,1.5472777891637883,0.796833721352852,-1.0481022624826033,-0.7783291979848319,B,-0.025036761983219413,0.8860315112703172,C,C,0.3309121473160912,0
-1.3772483788674688,2.7610034937448615,0.31298641039330055,2.1042082254331795,3.000986004006382,B,0.005611888762335083,2.3417207122444674,D,A,-1.246877038841209,0
-0.6319729455263139,-0.8866115939991144,1.0259759007031717,-1.6977306751852252,-1.3847790770560424,B,-0.05403682142363743,-0.9795936048954387,B,D,0.15128823990744245,0
1.7012138283744753,-1.2821239231391752,-0.08800282135578019,-0.8435029732188014,-0.4178837614182267,A,-0.06245798787241738,-2.0880306392639465,B,E,3.923948685057958,0
-1.841790923099463,-0.9266098708584694,0.8716042434196208,1.4883802805300308,-0.47363291234546134,B,-0.023083052129624082,-2.5712615999198807,B,D,-0.9076198758205016,0
-2.4913707529538613,-1.7669140601053628,0.42706075638509144,4.8798700329995786,0.6393370291526366,B,0.01827053194223659,-1.3411626017283114,E,B,0.2899593049715614,0
-0.0025396896672202907,-1.4314143841090083,0.2990592496399803,-1.8974897361446779,-3.7023504648518624,A,0.005745157781889237,-4.7381794460718805,A,D,0.4377573002133057,0
-1.1682272966079288,-3.5550396026640074,-1.2022619549185738,1.460962909582923,-0.09084750426065535,A,-0.04946211144947191,-3.84713006975484,A,C,-0.48877816098661775,0
-2.8821368979940707,-1.2785893958570216,-0.43990372478416406,0.3442850285021192,-0.2764142881345264,A,0.15589873631013304,-2.5733050908072874,D,D,-0.39616171037058856,0
-4.204493029856774,2.99465977171195,-1.4231784905253744,-2.9605920282952525,0.1472077893522753,B,0.045092785459360296,1.518018008146731,D,D,1.748478195627746,0
-2.4379051948549644,-3.519438488177487,2.189310624311953,-0.7502885486727776,-1.6845111084617153,B,-0.11189210897849743,1.008846870447739,D,A,-0.39286194340911185,0
0.33798155940058694,0.1809024308062004,1.8427764842682635,0.5623909011277053,1.083355410012466,A,0.10238770122567749,2.554888115961001,A,A,-1.9033255339201354,0
-1.429667004873574,-1.8168312940663562,1.0345870333196268,1.5790838912505305,-0.5536842174167557,A,0.010721500759592443,-1.1384590195157434,D,A,-1.7719872530940353,0
-2.9427588600261654,-0.8847825656023042,2.007794361479162,2.3597406453804766,1.0922872937280625,B,0.14367356008089358,-1.0905693520675044,B,D,2.0422505884766253,0
-0.23716514461438276,-1.9997305419115095,0.627174063512191,0.028791484647222476,-0.9538017888019279,B,-0.025004390553104484,-0.518106403933174,D,A,1.0962020754972608,0
-1.0507971004429615,2.199828099753812,0.07662825785171679,-0.33415413559897056,3.385949154700631,A,-0.062389827679830624,2.0408724310805613,C,D,3.5582677748776708,0
-5.605849733522081,-1.4647000603746836,3.9094868456735417,5.6006786843658345,4.205734764746575,A,-0.04787434994964641,-3.380724100588472,C,E,1.599431803100316,0
-0.4418420597845534,-0.21162573959661524,1.5116893841261119,1.5941789363241652,1.5232868959542931,A,0.09867152729707786,1.4978184681476918,B,A,-1.3745414630208903,0
-2.667671486230981,0.9867196324208485,-2.4766169892247314,-3.870341318894109,-0.8330169485398047,B,-0.20401059741865624,2.2136739464130044,C,A,2.7169780068724614,0
-3.1047847675093374,1.3270611164354316,0.6978676408690487,1.093115900271299,1.3939264852737185,A,0.0295535735397938,-0.351641831503656,E,A,1.9169712507935304,0
-0.6919726376843456,-1.0237807964757308,-0.0200293138863743,0.23016190597524255,2.202564411140547,A,-0.06494565102309056,-1.2648684692231038,E,B,0.7295695348993823,0
-0.9832493050880435,0.8959618848095339,3.0850653307729434,1.2110216011633637,0.3150023525537211,B,-0.12465967583537241,-2.669179908005644,A,E,3.179680557790082,0
-1.7265072766996101,-0.7378072989627662,0.49110504180560477,0.9164096222423332,-2.7885457335044705,A,-0.20623737626497532,-3.1348751382746602,B,E,0.26137431481773143,0
0.6625959578736231,-2.914474383820993,0.1344339792382233,0.6878171986206452,-1.247843770186333,B,-0.001623951622525693,-0.47292978829735666,B,B,1.9941887247675025,0
1.1706054310103986,-1.8298731669477566,3.7372216866040375,-2.550979259886442,2.066420907516552,B,0.028078477878554848,-0.06374998788116981,B,B,-1.6642186579978766,0
-0.14534410838736034,-2.2184806995752675,2.0988942533845503,-1.0014095229108275,-0.15089648192052874,A,0.13071773289183847,-3.103916246677166,C,D,1.2916773564839874,0
-2.436129426011436,-0.0714382848944648,-5.860575543062524,-4.445753031289873,3.0972469572026586,B,-0.07769186415443413,3.0544710607618684,E,E,-2.3390252332592394,0
-3.0467024749978333,2.2045614619872924,-0.14189810558450455,0.13642845895193678,0.9994234205118318,A,-0.021599284997541716,0.23947053015785058,E,D,1.5114144684851296,0
-0.6955280474908064,1.3821498407471657,-2.072254364948295,-0.08466875587561862,0.0006126640225221358,B,0.0840378874847882,1.8377908135836032,D,A,-0.344364277264531,0
-0.3468357339310082,-0.6811571929295079,-1.5017253311450807,0.41248096925234257,-2.563105066672485,A,-0.07776951780379625,-0.5185787986254964,C,A,1.7317322512879336,0
-3.0760524612814932,-1.274062098989058,2.3813873414826583,-1.4217488156684737,-1.3266980619895998,B,0.014847899796999195,-0.6482957091766123,B,E,1.5026598553237713,0
-2.1205559454950915,-1.257821553381439,4.824172769943995,1.177071274731805,0.06877785123735491,A,-0.0393503871234252,-3.924027695415786,C,A,-0.9805235963702239,0
0.16129954373700683,1.5747968489525528,0.635463185403135,0.9294847532602191,0.967082553005457,B,0.12252319588283767,-0.027762187950481354,B,A,-0.08449987075366505,0
-0.47479352597423174,-1.094658606820409,2.2009509837358507,1.826655504433302,0.035105198502490054,A,0.15992762842906813,0.1350043247407554,A,B,-0.5877792812894509,0
0.9017792184556945,0.9354542595229771,1.8800623478680678,2.49142291231317,1.3188500985400013,A,0.03895765824451636,0.79231196029083,E,A,-0.1831165356088229,0
-0.8222899455910946,1.9280142471513355,4.075405472772866,0.21050642623570603,2.7663170981864527,A,0.21750140757534364,2.7355695592371116,D,A,-1.2427670374638664,0
-3.287500960318896,1.496960534047251,-1.1276786773934218,-0.320186401660817,-3.3318991395892517,A,-0.12222456899679979,-0.4163078589775663,B,A,0.4083242806053041,0
2.027385391899847,-0.2862951857752992,-2.4657408330407438,0.0617023437985641,1.2051001042873106,A,-0.06033881068304087,-2.1295019738986882,D,C,1.5117359843728115,0
0.39795102239861646,-1.497984124591853,2.426994389927005,2.2890183526295966,1.0071566002169856,A,0.03343114742055971,2.7128504556494564,B,A,-1.1045411374863172,0
-0.20867318716716488,-2.6475314343201717,3.1931903879632504,-0.6437312613622597,-0.4328875473609505,B,-0.21226701379303364,-1.892415555373808,C,E,2.9075989228083667,0
-0.5398266579532707,-0.5345934780158497,-1.3543763938321725,-1.741019088750951,1.5529904829388026,B,-0.1682375866463649,0.8608280172766622,E,C,-1.8283864053164973,0
-3.5135678669215804,-4.8688895717917635,0.9310823373994028,-0.6158796559899877,-0.5392054970787339,A,0.1962694014386604,0.34357495892377066,D,E,-0.5777279364777153,0
-1.136895397301537,1.8609571708827302,-1.9522630348455745,-1.1820772856938322,0.9483337749293655,A,0.22092939261038477,0.9082185461444146,E,D,-1.3514876481619138,0
-0.39739489514886794,5.123641279558357,-1.2499611888166038,1.0273530581043384,2.3658137888045276,A,0.09851880638789795,1.0716722223086963,D,E,0.6078701573868415,0
-0.70828058326457,2.391165073622433,-0.3068994775599734,-0.8400823077057796,-1.606013011957272,A,0.08151725719607392,-1.890670382001668,E,B,-1.2434075890583633,0
-1.862695494180752,-1.6302689935221173,-0.5684279458304233,-0.19688078982617563,-3.6286284902445014,A,-0.04164452595895353,-3.2999024557599235,B,C,0.7718603194134157,0
0.963816086643779,1.0408373754587048,1.1653604820143515,-3.2577524028669766,-0.2209845347477759,B,0.04841232269196716,0.42205988028764296,E,E,0.6296216899738194,0
-1.310898946156783,1.327853788811273,0.9593674091824601,1.582469183572344,-1.4070712398551426,B,0.13961231190982856,-1.8364767905548343,A,E,0.4371625269311745,0
0.8240112089204685,-0.9096150729908585,0.28748608455515856,1.725496912849973,0.13376481466955747,B,-0.0787658508127232,-1.1505457361192732,A,A,0.48420068622176604,0
-3.3934908892318565,-0.26913338788350893,-2.19648027841366,-0.7200888998119983,-3.401088129274492,B,0.16586575487642738,0.43421869520105694,B,B,-0.1835305189772305,0
0.12067061787851108,1.218558214072336,-1.663305655235542,2.0384080974801613,2.375065549265697,B,0.06613785578380534,-2.6438772397294876,D,A,1.7957295230097416,0
-2.0645988839769354,-1.2781577849552508,1.871809312646338,2.0875531391774875,-0.29219611145991786,A,0.10872490271734746,-3.4583965910239516,C,B,-1.4876470536757127,0
0.30106502044991057,1.3543038333892818,-2.1846215902035757,-0.0943116286313459,1.7730661091604658,A,0.009599944434086695,0.4557757753244005,D,E,2.737271768246973,0
0.05006021824144735,-0.5103385491782189,-0.586236469140796,0.7449381813216438,2.6384565574779804,A,-0.046090319277321656,-1.0707507262001765,B,D,1.8012864787263636,0
3.71311114574777,-0.7212978346293557,1.1723076404803185,3.3919881364543505,-0.016606551590815588,B,-0.07066436121030333,-3.1977103664630677,E,B,1.5670320325203733,0
4.135126293597826,-2.3374638896182267,-1.3103532540798284,-1.3111369788429723,0.6779710397785279,B,0.21903987785339343,2.598887469987858,A,D,1.6172001506755533,0
-0.707403498058637,-1.0467285971930331,0.35713509101299257,2.417932352064369,-0.5071089504918262,B,-0.04559999333433151,0.9079454513074149,C,A,-0.9477394592396695,0
-0.5535597643271508,-0.03349090893150075,-0.812300806460797,-1.0557794632602906,-1.2574983131068327,A,0.023290244867866565,0.5399085753753003,C,C,0.923931950981042,0
-2.684749255441165,1.6867425477809954,-1.049658946779731,0.8296689259344314,2.7088271551736307,B,-0.09460507117083132,0.3848417317175461,B,D,3.3503606157495547,0
-3.745530594340196,-3.7140005899244932,-1.684423820451776,3.2762201804994016,-0.8626273301879408,B,0.014309813861653387,0.6293391477413748,A,D,1.5212559105077712,0
-1.6834942450223325,-2.288289980087517,4.7815176057642805,1.6980230519667376,0.7347097590467062,B,0.05112169139927519,1.2393911296254578,B,E,2.909837818905002,0
-0.29352883437661303,-0.9575028697556258,2.826660161968694,2.0027738143328504,-0.8530841677472416,B,0.017094170628423444,1.898535426735105,C,D,-2.4235229319213447,0
0.2210046943962558,-0.33384811523704716,-3.0312797438926022,-0.43654437219963893,-3.746158401376299,B,-0.0641473169466651,-0.2704494961659898,D,A,-2.54646794698117,0
-0.7214866359235848,0.9056722790432292,-1.1071753970777904,1.756645727843279,1.7858859438219243,B,-0.12891701771210226,-2.3607254529068644,D,A,1.106309638019681,0
0.6283978747909107,0.7047029477261053,0.22332835156660935,1.530883917561236,0.016277939947916042,A,0.12538313739437698,0.6496051543910446,E,E,-0.5629860650211045,0
0.6488407606596627,1.7482941698934225,-0.2364809921192661,-1.6804185808613497,-3.064072481723741,B,0.028989221130807586,-1.3074231509795866,A,E,1.9506265392064144,0
-2.657823028925797,3.5299437765155472,-1.7105232968693862,2.5977333936190647,-1.6788789917946487,A,0.13728272529318467,-0.6710342572279202,C,C,1.33097283618752,0
-3.6308259919264914,1.4690070873079382,-2.1022773694095855,-4.6418247400821695,3.6932903981554768,B,-0.0510376132332159,1.6340423916973346,E,D,-1.0012486186137182,0
-2.7816634180234576,-0.1644363634001882,-0.5188077607002484,0.07221755286467457,0.40263679696762256,B,0.07011274708216605,-1.164539685255313,C,B,0.8390354757863047,0
0.7049534040007515,-0.6692846067985236,1.7795790760242434,-0.33782411963689407,-0.769247309317818,B,-0.13936257001628347,1.2879371836125482,A,D,-1.4516149554692834,0
2.0332583638606234,-1.5715011209577887,-0.6408565198570935,3.7617405099673236,0.24428329341322297,B,0.07563464411235572,0.2798103410415842,A,A,1.1372793355895319,0
-3.9830223931710274,-1.106446060661358,3.0699023695490073,5.056235217496997,2.4455238444983896,A,-0.10332774672048038,0.06711949660757921,D,B,-2.351434878737559,0
4.2245925385893734,-5.235405255508985,1.0762296636073903,0.9292810913788206,-1.2872109162269454,A,-0.15217427083644036,-2.0236637590030764,A,D,3.797634443410255,0
-4.396946549164147,-0.4664553639537684,-1.0910063209268126,0.70930680172966,0.4895904859363551,A,-0.08106399972041005,0.23901145464780038,C,D,0.23747306146958835,0
0.3869534739864766,-0.6102877672028741,-0.9431673601276123,-0.14384119326215017,-4.0988984642746304,B,0.15842311239408652,-1.313145339636268,C,C,-2.442654918271785,0
2.7481740295444985,-3.0408635072358305,2.381617842321526,-0.6675120147358964,0.9412887477020914,B,-0.12914079642084123,-4.977974732470105,C,C,4.668824514836614,0
-2.5132576297476668,1.4332084261198763,1.9465459688820563,-0.15012450716628345,1.417019039565305,B,0.013733786893304102,0.5804230886318291,D,E,0.4550608959737755,0
-4.470692493817504,-0.6288369872344535,-0.6214440540406352,-3.833130059877747,0.8548182459031486,A,0.057238289909932176,-4.4017383709672595,E,D,-0.31914716099042195,0
-5.229118299272503,2.984172913530141,-1.9499584075880148,-1.9772867395972975,2.065484873803751,B,0.025537248758040917,3.365576603221173,B,B,0.8255406416568456,0
-2.623468698346851,-1.1060178469362352,0.9990898013706768,3.3165748858661392,1.323447697613942,A,0.09735884869215888,0.0916985606371985,D,D,0.3382890750287415,0
-0.29092837212823897,-0.7545168373902267,2.936600023548647,2.588820227736364,1.3971671886326829,B,-0.03590927630395531,2.014083575268131,C,B,-3.472919407040581,0
-3.4810442294824644,-0.2976492647717556,3.119107670785858,4.027325664950096,0.5207206602250636,B,0.10160716829441174,0.6234262315206713,A,E,-2.2159608149054835,0
-1.0351933749934001,-1.172204570326668,1.2924828204377177,-3.0962484262629473,-1.330683764729238,A,-0.12838056983775462,0.42239216353696296,C,D,1.9375718771432395,0
2.6976449861676253,-1.6202540748852865,0.31878876192486383,2.0165592278730973,-0.3583108589087818,B,-0.1346740513662304,0.8371076135700799,C,B,0.7421609542771934,0
-3.6097353658234357,2.8249823040617343,-1.8479213490381512,-2.890068377263598,1.667496001379165,B,-0.08033750003533963,1.885817561428678,B,C,1.0908922633531701,0
2.0173358197917803,-0.7719080765667083,-4.385301142504137,-2.061384067423275,-0.28009916752689334,A,0.16741964889020633,-0.34746355306156973,E,A,-0.21859305301829712,0
-1.4644909621308795,-3.354835766192053,-0.04937780108846512,-0.07213671630777296,-0.38022259138884484,B,0.012699903674864657,-2.191554625484442,D,E,2.828377042647508,0
-0.1969050516985319,-0.7543159393273793,0.3264494525289071,1.4409295091413588,0.7657984779561446,B,-0.09670244810084003,-0.4277350380930848,E,B,2.2641896718230297,0
0.7779448594176827,-0.9612069299662631,1.7135398996747875,-3.1101169352795015,0.2689231568347821,B,8.559870968782672e-05,0.1518736146418559,D,C,0.7671317773634796,0
-3.442603058120012,0.5651967100211537,0.09642747699849075,-2.416449088718271,0.9763136812525705,A,0.0026831044830435222,-0.8960414094124298,C,E,1.6439467262984184,0
2.4905322743716587,2.0453382614027142,1.1841189093855273,4.721815430361453,2.338941425457083,B,0.09821923488574272,1.1508113547971615,C,A,-2.912225468251257,0
-3.9094592567620867,-2.9233120129061354,-0.34215669323676634,2.2824384837318767,-0.9683592644013517,A,-0.05115432513964235,1.4022817091719921,C,D,-0.6389829939931357,0
0.7703238762370757,-0.30224451105803607,-3.2483541529252022,1.2673249536454605,2.33013930345869,A,0.03248539801024538,-0.310642569533528,C,C,3.10877995825377,0
-1.7046065374787054,-1.4286299840824426,-0.9253258373192719,1.747014242785366,-0.6242535841118252,B,-0.11333244563417307,-0.8664482836742106,A,D,-0.5478475740546875,0
-0.7153910114023403,-0.8897051592519498,1.0360289445657531,1.5630928717176928,0.3438205412973082,A,-0.07787894225022393,0.8404534130122545,D,D,-2.110594168925992,0
-2.863808866301045,-2.3867365216916494,-0.7431363838914014,0.050641752011852836,0.5920276482195954,A,0.08980357110711334,-0.17105141726345208,B,D,1.242896191075418,0
-1.3112597247450597,-0.13091449681693557,2.023219377249284,-0.909274735940546,-4.951162652714384,A,-0.016680443092403116,0.6352828117393046,E,A,0.05599838393116352,0
-4.274273724215291,-0.6871634746447655,0.008952212372557833,-5.093636787066994,0.3778384558903345,A,-0.10955013188378089,1.7797028674532567,C,E,2.529389042033647,0
1.3226421772315473,-1.904117976525222,1.5109348124678919,0.346328496061998,0.7189870477804232,A,-0.003637545474749493,2.7348528450782474,A,B,-1.8826531964107804,0
0.7706194898349421,-0.620853784124166,-0.7162749725179125,3.651652658843533,3.174617124880249,B,-0.08533581271465823,-4.111945347306593,A,A,1.915298037464055,0
-0.5775488982161366,-1.7409649707984622,-0.5745781023528194,4.195226826991487,1.6368345744846513,A,0.03789891327377548,-2.3335869889724585,C,B,0.5076226463045681,0
-0.6562707565660142,-2.2360306467289757,1.5151458925620402,2.0963516294879887,-1.029524183520937,A,0.05735084891261177,-1.6360295599627763,B,B,1.4628671596958922,0
-1.2427868846919783,-1.7892742026392865,-2.3222968341012384,0.5598771871860055,-0.8087421267269015,B,0.08926939013877999,2.98621073258178,D,C,-2.5066937712957285,0
0.8387089697007097,-0.7766179863947028,-2.9609133534071432,1.3321146861919602,1.6907728453670008,B,0.03299884914168691,-2.735325000492878,A,C,2.219142842954791,0
-1.2167297706857199,-1.87149159341956,-1.132859337460626,-0.937971611337753,-0.8775211961722191,A,0.06131046738463241,-4.762569709314091,C,A,0.39079358122820373,0
-0.29877435169319044,-1.2243633455546081,0.9147022369039224,1.357291662706263,-2.001666213332639,B,0.02780869990104858,0.9500357469458649,B,C,-3.2638778499272165,0
0.3759969327175754,-1.0566257949785836,0.2294020861054591,3.626517547579949,2.367852687008229,B,0.018852319959356514,-3.5599772494020483,A,A,0.8707906128509384,0
1.8975603009778443,0.6010589020699757,-2.499543302151272,4.1590034258463175,2.547410606489566,A,-0.19739649595172704,-1.6470491253587731,B,C,0.7895557440336469,0
1.0300614510871418,-2.171023535193988,-0.8966284094901884,-3.4101493201016764,-1.5494407117673907,A,-0.07131651250779492,-0.7607416643752167,D,E,4.360862189587747,0
-0.19009554764121872,-1.0482698432082316,-1.4211078314911223,-1.1210232740184078,-1.1218268871438188,B,-0.04571449327559146,-1.0819065658058595,C,D,-1.106536373363166,0
0.5291809594131274,-3.2272735385133897,-0.2777242320326663,-3.2340129649687333,-0.6999860153757524,B,-0.018484619966063886,-0.1094470649747219,A,E,5.380848360648567,0
0.3681554159637941,1.3864520378334961,-0.6218065001696256,-2.3502714399598266,0.3005044160576311,B,-0.21569752187817565,2.17717692242622,E,B,-0.7612301843281069,0
4.01649325477559,-0.77598252431733,-1.3397304115672948,2.5366726705125986,1.305925429546578,B,0.05360180082925582,-1.497104031574974,E,A,0.911487505280547,0
-6.179675125480162,0.5542356992093589,1.805643608819969,-3.11784892170143,-1.2008604792220106,B,0.11294540310205199,-0.012855853650835525,E,B,-1.0534133914659192,0
-2.829857058698715,-1.9313732338722378,2.8319396043126335,-2.586061006032566,-3.814636979816673,B,0.11258133175145911,-4.166458460196992,A,E,1.9841584195252542,0
-0.7938448483265375,0.523631196620733,-0.877998165739236,-1.606642032500329,-1.691861416249723,B,0.07821119174289481,0.1279291997709654,D,A,0.5918039594143332,0
-0.20283131966577772,-0.7529820355310175,-1.8933774527063982,0.8556132809642386,-4.882290996912565,B,0.02932637221463414,-0.2538815298014512,B,C,-6.1437787476150465,0
-4.388596148341172,-1.159484106230564,-0.8221232289426227,-0.8748088430595848,1.5368508390601003,A,-0.04060485013715937,0.2990664640442837,E,C,1.9672775129137405,0
-2.0579678150539964,-3.729880354546888,-0.1626977559434537,-2.956952353967537,-1.1640984645762589,A,0.06034751052018977,-1.6347212311615626,C,E,3.256486445963935,0
-3.7495468131396184,-1.297532201827349,-0.2411045708244709,-0.28076549246239324,0.4917691597941183,A,0.025742100656145746,2.476291729186947,C,E,1.0085617561726201,0
-2.709387190743973,1.2507293087982334,-1.107519988697611,-0.015231445782216024,1.5951726125269423,A,0.19414808552094076,0.24151261233625632,E,D,2.0508996624027063,0
-0.7487564483457961,-0.9999536752403245,0.004693032728728119,-1.3798311965745635,-0.5233069774095656,B,0.01404719835797885,-0.30333154459962564,C,D,0.226142872833622,0
-0.1291560305368339,0.5788114894522649,2.268664596801709,0.7535421039808152,-0.9706555110579035,B,-0.11320815601224582,-4.221377077097557,B,E,4.773177650063787,0
0.15595404006872582,-1.2954296348721697,0.8065091293362093,0.5396270449598066,0.7870988432195603,B,0.04081151996352324,-1.457693362936109,D,B,1.101908325674303,0
-0.6980014238279852,1.0684233402369017,-1.8437759223768313,1.0983230345009085,3.491158447371502,A,0.03921527162002361,1.812957513469048,E,B,-2.2103621860645646,0
3.974871624968916,-1.9585764784970663,0.8606290749835848,-2.493812391692263,2.061736421810025,B,0.0021961903139005885,0.2281364321315532,E,C,4.7487769812488105,0
0.10723753144739212,-3.327717894095997,0.46458612589438775,-1.6170074546118596,-0.3215665200185691,B,-0.09263124896584439,0.2582543351553547,A,A,-0.8080940349480322,0
1.2571857532297364,-1.136057866709308,0.004534190593140086,-1.6733342004095944,-0.20393160784592324,B,-0.1176750727675025,1.7758267085657806,B,B,-1.7182364069703016,0
1.0112830585908568,-1.8413927133703496,-0.4077968079162807,1.194036051947894,1.0360676709138315,A,0.016611381718455352,-0.12270308759104853,A,E,0.37781917944114607,0
-0.3297349934924616,-3.5186502272999465,1.8795980316007734,-1.2563203260324047,-1.5620900200920635,A,0.10127694367338934,-1.142094686248115,B,D,1.0887822758056964,0
-3.2012246457739884,1.6606120153106056,-2.9156568381900954,0.3441934756294448,0.6935924287820541,B,-0.05585726664497176,-1.9195010975362798,D,A,2.5206479302382725,0
1.3449812044822584,-2.252835050389793,1.3137185923380228,0.6764131930840046,-0.19003443754157723,B,-0.1931917431555874,0.7470468772024279,E,C,-0.7515905641272718,0
0.605087571189374,-2.0204204772822534,0.10774351628574375,-0.4671108738836447,-1.689963482607143,B,0.03936152292810724,0.8085008430573646,D,A,-2.09416455377095,0
-1.298634658766706,0.5879296480408134,1.4140196391339628,-1.0295377170632873,1.7262417658454752,A,-0.0017229808554815357,-0.21781725699204713,C,C,-0.7750170430916867,0
-2.1995197284592063,-0.8944947542290338,-0.5200856695021681,1.6332268771066305,-1.094949693311092,B,0.086461763283655,0.06773811923304707,A,A,1.0345764235936128,0
-0.5855665429896131,-0.49897012348692427,3.4849598078835866,-0.5253714028954384,-0.1772594961882108,B,-0.15349354741901228,-1.9548746325572965,B,D,1.3971961386153349,0
2.6546512201661234,-0.9634884843265485,2.7652011758890347,1.8934554331156597,1.183429493598963,A,-0.16152125153132352,0.19249240333607798,A,E,-4.131030928524902,0
0.5153978098870786,-1.4971538716578918,0.044347615175879374,0.22438964097940717,-2.0388741137692703,A,-0.06173525788339562,-2.3349308260047774,D,C,-1.869391552417609,0
-0.46849304312237516,-1.1602400853666324,-2.6195504827416203,0.8108679323139776,2.648628093426756,B,0.05545639704278504,3.8152685084946834,D,C,-3.714627146747829,0
2.016066189551754,-1.0263611025577228,1.6562092516000213,-0.9861568147060737,1.9156074229086144,A,0.03497909066971757,0.3078498925304729,B,D,-1.8617185315158604,0
-1.098267159341388,-1.887582093907486,-0.6633372208147358,-0.13082310172095735,1.4655531785448648,A,-0.09556094629327566,0.6783668611740374,C,E,1.6729776258474833,0
0.011795387140074665,-0.25594091356126236,2.3446154997112822,1.453979273290657,-0.6737458058263976,B,0.11731914845390873,1.8849654193037146,B,D,-0.6376998193519607,0
1.471954924478923,-1.9227776557951024,1.9702130712375756,-3.5923797622119595,3.18672579120041,B,0.0019777217756398874,3.462048561272061,D,D,-0.2952709206883648,0
-2.7844298484386187,0.029847879999479354,-0.4277971507600956,1.9621032704092056,0.08189459653127984,B,0.06290192389332167,2.420623140135826,D,D,-1.837509929684416,0
-1.903767497995513,-3.367232608830704,1.1074983784438792,-0.5056979877867933,-1.2297965580019257,B,0.08905535771106632,0.768632630837409,C,A,1.0445318736643658,0
-1.5181222272541626,-0.7157937956253693,-3.050333703704201,4.093602482435296,1.9261580748450084,A,0.0759454452420103,1.6884310560853373,C,C,2.3434100224403958,0
0.33920972465924937,0.37631555143512996,-1.790303979434269,-2.953320073858695,2.521292357524601,A,0.11219056352956536,-0.5121270998681857,D,B,-1.3271978879320734,0
-2.265929057194294,-1.2502532164527151,-0.2752921442650098,1.519251880621272,-1.6308432036413252,B,-0.06446977191005761,-0.8076048496357968,C,C,-1.8643080649633157,0
-3.211114597409226,-2.445991949235699,-1.1208745003670515,1.4304099096262988,-1.6183010074892155,A,-0.01998206817596337,-3.617272597578423,D,A,-0.9684456075206581,0
0.35196068619404075,0.6987470616412272,-4.769138049067971,1.6119369952066873,1.9818512769063994,A,0.19252895845131116,0.21711844339672104,D,D,2.8486904484949633,0
-0.11951419321945811,1.9352840303135457,-0.7974587879313902,1.07800470933446,1.2238603986128576,A,-0.08126085522126875,1.2202213198379623,E,E,-2.0407705977839647,0
-1.4262804210442526,-7.216381439448505,-1.0245856958278066,-1.9134609898308428,-0.7849391029929277,B,0.2086724458834806,-1.230198579110861,A,A,-3.646599555142785,0
1.7466850938877818,-1.2470893060914403,-0.9352795734316417,2.2612330398631277,1.612203362957284,A,0.01802042238408728,1.9972010047204414,A,B,2.19920925969208,0
-1.4820132728306474,-3.7010271811850304,2.1562305015034333,0.3788299911683164,-1.4852795093759412,B,0.03734852897784348,-2.622526996885429,A,B,2.534407919666399,0
4.432520606837453,-0.1809736007365511,1.3501890025169807,1.9076977142236606,0.820703575225659,B,-0.03954332927488438,0.23285785491370992,D,B,-1.0283516810560558,0
-1.0581281763813515,-2.1388429518298753,1.380471766548225,-1.9615348138010842,0.9908531603842543,A,0.04758094577847772,-4.55320537565977,A,D,1.047021328089919,0
-3.3037074630623664,-0.6083156739277575,0.7817336901792589,-3.0219534480435577,-2.8490009832165146,B,-0.022164589097880407,0.8325490954394374,D,B,0.3550117886088563,0
0.21116134339743664,-2.1547388328323858,0.3678829314259471,2.5703109961846264,1.4105602201514926,A,0.046203322964419015,-0.20956649144085082,C,D,0.4243446281225647,0
-2.0073944802695225,0.9131941557742638,-1.9247650666100253,-0.017863335569862304,1.2132359191668924,A,0.08592868454635444,2.7458834913553862,E,C,2.4325414310081968,0
-2.280923673790528,0.8799471666401986,0.4124290773134851,-0.017154837906883658,-4.109883888671102,A,0.0991330000283192,-3.025165228126978,C,D,1.7521449129595887,0
0.5173780798094076,-1.2233794367521713,-0.9857930716798247,0.660623629356176,0.2792842572492691,B,0.003976448011088437,-2.0103179384770016,C,C,0.9527279167315046,0
0.5091108674553662,-2.109854230079401,-2.389765044407868,2.2071857168564573,0.3977989682675894,A,-0.006802306460558795,-0.8815358589258349,C,D,0.7122517694909687,0
0.33473690977078796,2.0955883298500293,5.627927673027464,-1.8391848935166442,1.6153740811833979,B,-0.10029824108383073,-2.107808634428543,B,D,1.1221311812904298,0
-2.072385424820414,0.021082031726466388,2.9981721347036725,-0.7015007009018914,-1.169976350929005,B,-0.024953430008188615,-2.1129459852028925,B,E,1.9650087186616494,0
0.3272323671790136,-1.2659945785298619,3.342124728718507,-1.2694091313716642,-2.028518678698034,B,-0.10051645057189909,-0.894982428907918,A,D,-1.4616402757668123,0
-1.3430697925283048,-1.346008562151747,4.092071455390164,-1.616561841666181,0.9693253479549566,A,-0.01820448836729071,-1.8085020341345768,A,B,0.35525299090855433,0
-1.7398932282529347,-1.999408579795359,0.30006093341722473,-3.240362827436154,-3.0999276745343303,A,0.029949538480490707,1.9847111726354432,E,C,1.8997894089002885,0
-1.0121855501914279,2.2476214072079577,-3.731825777084985,-1.7486498294194046,1.480940293776034,B,-0.050742144105118674,2.1235778097275486,E,E,-1.874685782767016,0
1.318037264169051,-0.09280456395711156,-1.8833745792644252,-0.686480332031338,3.7770081039214527,A,-0.0059073461893400245,0.8369269694806053,E,C,-3.679569305746492,0
-0.023348269914447495,-4.213478486696069,1.2888054074727258,1.944379810854222,0.7941507299799936,A,-0.08997591726454958,-3.2290126827728014,A,B,-0.2164087293312429,0
0.453212419384706,0.852321427954309,-3.421837095926044,1.4529927269820675,1.1833679153798458,A,0.03869257950674796,0.3819311067373301,D,D,1.270725450913777,0
-1.7253301883096162,-0.28585432057559124,1.5083147027747286,1.088903426081802,-0.07446843063832409,B,0.00036893660770071667,-1.5018353800829607,A,C,-0.5688102169266513,0
1.8903038284350495,-1.4522412982753485,0.11266670543513513,3.675927106063792,0.30021582509956923,A,-0.16797594460279072,1.1839366697317757,B,A,0.8293460493460447,0
4.854990129916288,-1.294174669323417,-1.2783157451150555,2.409128616533959,0.1300618328127845,A,0.0375777010219287,3.6201919812647585,A,A,-1.447507003236686,0
-2.4875885126449897,0.3063555018379065,0.2540841985753073,1.2750893147067308,-1.7408228210034302,B,-0.00811592857406282,-3.633218504293869,A,E,0.5157270764108233,0
0.5264629022741569,0.3350482829518192,-2.2254638248202623,-0.43652232806468383,1.0761879627203954,A,0.1007906214300241,-0.12176262429880369,E,C,-1.1305030323491752,0
-1.6179694630139845,-1.4563210253087446,3.4974828801086892,-0.4001428184466468,-0.40436110758357446,A,-0.12270157917861702,-1.8146529844119639,D,B,0.03963490893886845,0
0.25591893522212805,0.5632189873873408,-0.6359605085859813,-2.1841841980661334,2.391061346490253,A,0.0543412803168059,-0.49188776174297644,D,B,-1.087445238335255,0
1.5605797851910097,-0.3686921678828664,-0.23344886127150133,-1.2210315213156835,-3.8336053583780036,A,0.06356662544090397,1.5973973837961628,E,E,3.014085500431589,0
-0.5689290251003218,-0.28648299321433235,1.0445579828142946,-0.3935918538077211,-1.3213902411245,B,-0.1243413503853293,1.3224289720374953,E,E,3.044631108438891,0
-0.2964775873421648,-2.215208129895048,1.0917264868701082,1.1358525824531007,-2.0742552770768343,A,0.06382476375220036,-2.180288923198325,D,D,-1.1623557214537072,0
2.8078218824839722,-5.894640748363806,1.079375272047575,-2.268601408908945,-2.138847087955926,A,0.020083108813415546,0.4318504442611576,C,D,2.6197933509586777,0
1.8079952616168904,-4.92125200155229,0.5163396648751228,-2.274989488779526,-2.2287731378938154,B,-0.14342974200098849,-0.3476090123825628,B,C,0.7892340347596849,0
-0.33039838951941336,-0.1156912708903094,-0.05422090912810462,0.7660349984417031,2.227952570056246,A,0.17035567798892007,0.46232625396465266,E,B,1.333478202644472,0
-1.0210731892535323,1.1443242716171493,1.9042884051080695,-0.5592759828466636,-2.1225739604044405,A,-0.21696675915108235,-2.526358720948406,E,E,2.5262960211019267,0
-2.7856920723240948,-4.7616553847039285,-0.39438837033990226,-2.961296193850764,1.0316341509609095,A,-0.09034486727062574,0.46174077751250375,B,D,3.1130372817146106,0
-0.1774062812387026,-3.0405749238930797,3.0993666424847404,-0.44083694504959237,0.13383303197610164,B,-0.12139983521344277,-1.016880232731947,A,C,2.7876577467649155,0
1.4585426961807118,0.04017702188690664,3.1010327654517704,0.5218308983488158,-3.975225642063864,A,-0.07443662475295564,3.0474201717914857,E,D,2.3775110168591103,0
-0.5629159553750755,-3.9550680259258986,2.463884372884417,-1.0895152081163015,0.17720538178622536,A,0.058318345836671365,-1.2291199617386424,C,B,5.377399803752815,0
-2.173569709688198,-3.5949419213097116,0.3549252369170389,2.2548836925267586,-0.7995530966511643,B,-0.08128554653167758,-2.3921591573343886,A,C,0.7630814530204941,0
-1.3656548161562876,0.8656913670878112,1.4221671081013112,3.320100926486201,0.6890809243246614,B,-0.08097153629184504,1.6109999601147527,D,A,-1.8424430093777135,0
-3.330660559200895,-5.564650314413241,0.8946071058951419,3.4431974637263707,-1.689171996115363,A,0.020828847610792827,-0.12890496183379696,B,E,-1.9043045033638695,0
-0.6070784332038677,2.4908079714333513,-2.0219445216990977,1.256689778233014,2.8019256411161195,B,-0.013729656151874324,2.2988252966452194,B,C,3.428236335136985,0
-2.0132846892984047,-4.313839441593707,2.09446252000943,-2.401013478334871,0.19258421329797026,A,-0.007085719819084072,-1.1268985886471845,C,E,4.242322244151995,0
-1.45568524150355,3.575711355551409,1.1368560204820837,2.1177492032582554,3.2317470984384986,B,-0.07685786748779555,1.7810826919174887,E,A,-0.3379035984840244,0
-2.865977294035841,-3.6441144848298457,1.837195886438138,-0.14496943701334186,-1.3993891225352728,A,-0.12196204150743094,-3.228487808254009,A,B,-4.248196675900978,0
-4.039799674336577,-0.42806683140776147,-0.49836528175167105,-4.590631407216748,0.5294741935027281,A,-0.05143483251905312,-4.906929946561446,E,E,1.130130648340801,0
-4.0296307076974625,1.218480125249504,-1.7921559645802394,1.2541299538073614,2.538330498489276,A,-0.007810300166724813,0.9030350946757653,D,D,2.6163801932513246,0
-0.13159395249561712,1.219161477568572,0.8799230521129539,3.1586582189163743,2.0485537253356303,A,-0.0504956561046663,1.94791484795538,D,A,0.8240021508137221,0
-1.4021026515262998,-5.983317349674318,-1.2659602832651147,-0.6770410933491531,-1.3347204021297288,B,-0.08713532701561033,0.016335668612685206,A,B,-0.31202395619994183,0
-2.9556208957860526,1.0045737336197398,0.30453357860906727,1.9482563804733157,0.15886866233302066,B,0.15791481404049604,0.3877393744672559,B,A,0.18914074634358347,0
0.4272373985376119,-3.5990843038882563,3.1402121805441823,3.2761803484436873,-2.939123556098316,A,0.09155566435983482,0.6960465500727664,E,E,-3.259862609686411,0
0.3086071079053161,0.82888060066068,-0.8420390260470034,0.12145887813532918,2.1439832200155102,B,-0.1893156023082572,1.0181460677103267,D,B,-2.6750291077489363,0
-2.9150796277440034,-0.7416807520718594,0.5512591850753779,-3.5073827635378665,1.0090936318116381,A,-0.022716883327198255,-3.306124230238735,D,C,0.2770806784886698,0
-1.830593655668678,-2.234057004432807,1.2088174979830832,-3.3838064169124555,-3.3288648574565323,B,-0.05292817602957385,-1.347599158899164,B,B,0.4495311410868146,0
-0.592023130474957,-0.46371180873517726,-1.2524743445599718,-0.3497516552601959,3.472827367744887,A,0.13484858891830173,1.3764240549780087,E,C,-3.17605806544967,0
1.076526960587842,0.18486732029608977,1.9106869219821605,2.675933613350974,2.0144591592895615,A,0.05948679459279663,1.5604469458545491,E,A,0.5248945878839301,0
-3.2183031700157954,-4.825906938980957,1.053460779958729,0.36139466902301787,0.0943255838803807,B,-0.1721483911233977,-2.056995103807574,A,E,-0.4222595868660173,0
-1.144517190536773,-0.9190908149300687,1.064789320912825,-0.8958600795124995,1.7008131849770596,B,-0.10445987642495858,0.27267241851379187,C,D,-2.091081831855125,0
-3.8685069462319426,-1.3022676280261392,-0.33599337797572826,-0.688047608884493,-0.04310518920070239,B,0.08784045241464572,1.513527727560115,A,D,-1.0206964603641135,0
0.004403215963767693,-1.0211505519083384,2.0050941677962593,2.429338832260621,1.4135685604192036,A,-0.12306005983591453,0.41753028760869126,A,A,1.058358816495438,0
-3.298145818250642,-1.4051978686013507,1.7657539750134652,0.30272781467602394,-1.1076648735166992,B,0.010326751849826966,-1.4302783246746351,B,D,2.0147856931018397,0
2.1059521836213753,-0.06213048074816241,3.196378688374687,3.5961759089852556,-1.7900077193310966,A,-0.08992905312531835,-0.2348567517015645,C,A,0.4532439999975043,0
-2.41744425127785,3.0089973539531,1.2248120512687746,-0.0309996768685582,0.3917469093558821,B,0.017873966693433406,1.2655114627520243,C,E,-0.7297868000925831,0
-2.5341868820954323,0.5016929568974944,1.2567096942341573,3.0471365807406596,2.098921446480854,B,-0.12971807546372002,-0.32258210262896647,C,C,2.2290260471310166,0
-0.5406910867222482,0.808655684708724,-1.1571022395419464,-3.389223655116823,4.377055403590437,A,-0.009771956304495689,0.322728078005441,E,D,-1.0357005690476586,0
1.0883657394635504,-1.3836021836664942,2.4664031833049913,-0.16030643893060725,-1.0420346353236147,B,0.06048188473321382,1.850796078332349,B,E,-0.3682416540381107,0
0.16189095719350877,-1.6158877995152845,-2.503117692800611,2.087593730403536,0.6526459710562738,A,-0.13907880877458076,-3.3628190505465825,B,B,0.6446975370723705,0
-1.9845800546974766,0.16381704644018236,-0.8307488960777014,-0.2952900202649046,0.7525342206922878,B,-0.06971270529107157,1.8391646421497923,C,D,-3.12107822602339,0
-3.7511272080714733,-0.8681827689573022,2.7340502756330967,-1.7872902678039162,0.23041764040973445,B,-0.012714980078151892,-1.9303761526709216,D,D,-0.356434793427028,0
-0.4887878059596673,-3.0130664033768215,0.13587487878604798,-0.3597447689360883,1.522030675219539,A,0.060651928988305195,-1.94523449079451,C,D,2.202028628012195,0
1.2034894964701104,0.11671131135076318,2.1251148798139283,2.7993427127942905,1.104563141351876,A,0.07948976039785777,0.7564887372652866,B,A,-1.702089267986068,0
-2.3291870128383416,2.267786651089997,0.8595328823414561,3.8135750385539473,2.6697197008987983,A,0.10868657289373179,4.071316529890051,D,A,1.519670667958234,0
-0.33063200600486364,-0.242211277805641,0.7553328590522532,0.25135372679827017,2.7519720578332763,B,-0.013277163505383858,1.4916055890632558,B,B,-0.21283579779837614,0
-2.680131148465557,1.3259209646032537,0.420562249721011,-2.1377875467228544,-1.9346239634801956,A,-0.012810010489865306,-2.645342164985447,E,D,0.08512600159469996,0
-0.6352401135354762,-1.0866880528916432,4.4570787950476465,-0.22700995080034292,3.0850624572219525,B,0.025785961752187017,1.5121556733175052,A,E,3.814165619076904,0
0.9535635165420919,0.8391250378455539,-1.0645377663036766,-2.47574110439425,-2.0053914609908285,A,-0.04226606510435654,-3.1942584017770854,C,C,0.9227295077018014,0
-0.8020171610743985,-0.13491409992007686,1.3219425225558707,-0.8935188911067227,-0.0679541962257304,B,-0.04032063076135159,-0.6170540842835412,C,C,-0.033705349733822,0
1.432180902831667,-5.265145460210951,-1.298164089907616,0.6970850788151263,-0.9788555779474291,A,-0.15021485479013205,-3.290126524647355,A,B,-0.3715769188218754,0
3.5550520583853285,-1.8274420671602287,-0.7658583702578492,-2.277759482834413,-0.7939206602327482,A,-0.09729426521828373,2.002805355475981,C,E,4.217458093375334,0
-2.0434623435753885,-2.9027839901020913,-1.1951469716281224,1.9509310522456096,-0.8158218896782266,A,0.12789784909396193,0.0315705441243308,D,B,-0.13969687590099245,0
-1.332146556024386,1.215845925194297,0.22887707845817595,-2.237130755039804,0.007803627302644278,A,-0.16741263853330468,-1.4478127340774065,E,C,0.5213135144564245,0
-1.6580853400800373,-1.4294988066389351,3.556767624453559,0.8087664515279955,0.1484749697123957,B,-0.01451574459025405,1.1743003313230256,A,D,-1.7333408945321476,0
0.6160931911713174,-0.8275688871133912,-2.7410568227198286,-2.3601159465381567,-0.16846750640949348,A,-0.11103214461617224,-2.7606639399831057,D,E,2.260774927673313,0
0.3929524647553617,-2.4867140023816043,-1.4841748523961806,-0.9645757790349625,-0.5237912726643565,B,0.1456198236313349,1.4466906552559506,B,A,-0.061892607528269084,0
-2.1885920343587792,0.3933171170897982,-2.7393066778414608,-4.065070325233245,-1.1722389795486576,A,0.1937058625344197,-0.43619930029192167,E,B,0.41144858712188803,0
1.7964739108216665,-1.8045443887587722,1.5602173621272655,0.5237746593934411,1.3265522907242442,A,0.005095222012210885,0.6526453385901283,B,A,-0.5567816743350478,0
-0.7040704122979822,-1.5141385016592102,2.3233893524311373,-0.37210725340076767,1.0538414947831967,A,0.04327727393592154,0.9762054737723203,C,E,-1.402052311348641,0
-0.48327741741446717,-2.1904376541707613,-0.06456086586633303,0.5006604551372502,0.014226229761730269,A,0.021447786327351094,-3.815150252082639,A,C,-1.1293960567817622,0
1.6078339173715803,-2.5849093201636677,-0.6394220671807334,-2.32795484972038,-0.9865078645870955,B,-0.05734246721292722,-0.057507315833073,B,A,-1.4558006031377413,0
-0.7543302903195155,-0.6766612291370644,0.37475189190831704,0.48589722787875733,-0.03924395106611056,B,-0.13666394787286174,-1.064919658389636,B,C,-0.2756038608145346,0
-2.8360455169024608,-2.8098609852268375,1.3379104184233788,0.3475985079975481,0.30930394878998446,B,-0.02074920036555742,1.0219448833420741,C,C,0.9716192635176775,0
-3.6181217320680634,-3.654170672841925,1.7138850497426361,-2.7484456787775358,0.049603244764195864,A,-0.07787765096663768,-1.0862139968340303,D,D,1.6477735352961846,0
-1.507354130177965,-1.8222818193243988,1.2192495434664896,1.7071893143245829,-1.8107364042374299,B,-0.13756932609775255,1.3468203071491516,C,A,-3.5834079411895607,0
-0.027462485093610156,-1.9367237144208826,0.44342060114027504,0.5213184129831627,-2.8761793803193534,B,-0.06834980265322763,0.4343104415930128,C,D,-3.8963686092588854,0
-0.16604791738327418,-0.974658588265888,1.7137470415905796,-3.267785989016283,-1.9641623058892814,B,0.08994144334272719,-0.32850697702761134,D,C,1.7932999132404213,0
-0.22733671502973063,1.4530234204233494,-1.2314447513702584,-0.13220442019452872,1.0846443749646086,B,0.04579701677811196,1.2958706097465815,D,D,-1.4390955627723148,0
-0.5354075772548557,2.310439989950368,2.280159677827218,-1.674048782966073,1.1342509108555612,A,-0.1869518225909989,-2.2230372698681964,E,E,0.019500138527752897,0
2.712715133496488,-4.374156511982255,0.8530330028265463,-0.7663436345718664,-1.2780857975748354,A,-0.009227368438050993,2.6089089138155637,B,C,2.0235737663505056,0
-2.1145894400821215,0.25141646399020834,-1.026510015461402,3.4741099568122036,2.2442537721292886,B,0.12790617975773075,-2.024730788642288,C,A,1.8909997618755727,0
1.9379111149765453,0.7112835193867895,-1.923839768640264,5.484723823711087,4.294203713563063,A,0.16493207632077106,0.9344586161115607,C,B,2.0421127724658676,0
-0.6342674245094533,-0.4846227516609477,-0.4292415088204382,-1.0256003816766013,0.5328231908377896,A,-0.18466921788022472,4.204381758225212,B,C,-0.08760898050729171,0
-0.34196465184428204,0.37571070111242366,1.5171488578904797,0.4422887199803536,-1.0718533174800797,A,-0.020994074416337966,-1.4291226780717992,D,A,-0.8181235694569349,0
-2.6708582621177523,-2.3116916185003724,1.3901109529672158,0.5925327886465246,-0.15563734143955332,A,-0.12820721669110313,-0.3818788662587622,D,D,-0.1891935093410102,0
-0.7860175191232834,-5.482002632538836,-1.3683164006809392,1.0324000478546274,2.1538786465664708,B,0.011957775081189571,1.2102632476582027,A,A,-3.723446571876843,0
-1.9127573464085343,0.2666345803298058,-2.3543602478139523,-2.5185175989244755,-2.304341811243375,B,0.11654927324797507,1.6418414300145092,B,A,-1.390570580305229,0
0.8629277333971193,-2.0505346487702654,-1.3884788144557838,4.501564129696757,1.1954729162454056,A,-0.09475761917139508,-1.9755255658930793,C,C,-0.22453715730940105,0
-0.5802862464409742,-1.8390968225963569,0.7574470966825886,0.9069059568856528,3.0391794218521286,B,-0.031115712301158047,2.5617832057394945,B,C,-5.558053160009643,0
3.782806614294126,-6.502776947686574,0.8914305671781103,-1.6476769208106194,-1.3395785490217746,A,0.07862241105972193,-1.957850509502998,A,D,2.3045319749643505,0
-0.28735562691580707,-2.232985672248934,-1.2999209670646434,2.2104476969532496,0.5173820640598538,A,-0.08156690659122134,1.5660646712034398,C,E,0.5170682341772185,0
-1.3882007925439417,-3.205524412132716,0.2890221281752319,-3.473691143628431,-2.1879757219584843,B,-0.034564401360989816,0.9873273928225511,A,B,-1.0185542526271978,0
-0.9797035450736629,0.34815677576398774,-0.3061133426838232,0.9301862055946846,0.21054638188720598,B,0.03380196818175053,1.4557664669531345,D,E,-2.7690760710082643,0
-4.136304384888345,-1.0923597430054746,-3.875823733342184,-2.977541049871953,-1.392333568237739,B,-0.11331829728560774,-1.0222153142206392,E,D,1.7864982556694855,0
-0.1608007642692021,-2.3343318096176215,1.2070791658525244,3.2668778884176026,-0.8026997459273768,A,0.14351885619725493,-2.604536643017669,B,C,-2.6129766979639633,0
-0.15494266473306395,-1.170455062492128,-0.782147001951933,3.64255235100517,0.37075112199146965,A,0.13406783125372776,-1.072947349268884,C,D,-1.3699602502535209,0
-1.7583450847204645,-2.5079861501513774,-1.59148368367386,0.4851255405430237,0.2683382236987013,B,-0.04270056276773467,0.6316035455110771,A,B,-0.9188283790762177,0
-1.4699131991100765,-1.7680688870052332,0.26716355642872824,2.109895173124447,1.4024296117067447,A,0.010454858750860703,2.4191462842431983,B,A,2.2658569087853264,0
-1.0622028984679182,-2.513334254166854,-2.920292804965472,-0.7876032673318292,-2.344824775220536,B,0.063502777360989,-0.17093756880374067,A,A,-0.6498563811516296,0
-1.2128112274392624,-2.384923124311613,-1.4544080178960246,-3.071024982681212,-0.06552905501628437,A,0.029540893374444006,-1.71610124348522,B,E,2.1260813705321553,0
2.4199562159295502,-1.21526336497237,-2.0364071113319353,3.9848592579891244,2.108483110961304,B,-0.06815488028955805,-3.7282013309895174,A,B,1.3233132139541524,0
-0.1985198144276613,0.28153041321531125,-1.6449161418220055,-1.7329147878895408,2.3810547944658254,A,-0.03744179853211417,1.3163581262086268,E,D,-2.5570128197303275,0
1.3563202114118043,0.4943756911326007,-0.8974286096694669,1.2746406128454575,2.7164118587588826,B,0.07481678004304446,0.6981575121231967,B,B,2.534086266561403,0
-0.13486920574094952,2.4920699776058863,-0.920732058447885,1.876739555689994,3.188876346340048,B,-0.08950755641826445,1.6064533626417763,A,D,2.8283318532091144,0
0.9779503539999899,0.12061671921316197,-0.31463246999617134,-0.4735010238060148,1.3118183312335185,A,-0.11213216741635723,-1.4542326244177508,C,B,0.9974176921765586,0
0.08349538655895983,1.989946809231462,-0.32777937521649103,-0.4130546972344018,2.8863481452805164,A,0.06868209108200084,1.231504627376188,E,E,-1.3625390010117306,0
0.9313225417683005,0.08620223741246158,0.36204199473592413,2.2573592904653337,0.31289644420050833,B,0.01794281870089597,0.09093392308577886,D,B,1.6556013933750897,0
0.7510099081612303,-3.1486707939583525,2.0951446436392027,-4.857726341553677,-1.0209864561949908,B,0.1938007582001346,0.12035118282019386,D,D,3.2665490475532435,0
-2.719296246652522,-1.397001511716936,1.384546755298262,-2.0160204567531275,0.12602684264972353,A,-0.1007314419890155,1.9373749344986804,B,E,0.9233444668649782,0
3.181794601484773,0.9526081393076336,-0.7896189749829978,3.0986533812304513,2.7065253930217343,B,0.03224637238830537,-3.07424031944206,A,C,1.1789263128665333,0
-2.4474162983174184,-0.7015592062868916,0.6230181073017698,-0.10403771079328017,0.027009156571850435,A,0.06980417143551076,0.6027566079990003,E,E,0.15508614980923952,0
-5.468829713248737,-1.0295170967249425,2.291286823732804,-0.13370847095652416,-0.1384253875103808,B,0.07110815767663205,1.5746973681038545,A,B,0.7342878852002914,0
-2.178604157759529,3.4048805585246904,0.4211976697800315,-1.6961664347927128,-3.1079157832773596,B,0.046727372902350045,1.0723967692471297,B,E,2.7433996129736453,0
-5.8363715450248,0.8885284625371552,1.0881861067880716,2.912463260316481,3.5089506878791847,A,-0.04817581382332093,-0.609290635377222,D,B,2.5448049030341195,0
-0.20873795472757595,-2.56581714517874,-0.2593195046357073,0.02807475492946565,-2.0322463943202758,B,0.1475729942633137,0.7336954280882269,D,A,-0.6910765349910222,0
-1.1218137136886979,-1.8842879463716573,-2.3694747212780283,1.392120460955721,-0.7892498903427496,B,-0.020154805942897137,-1.156738465022892,B,B,-2.0121820216619075,0
-2.8522269914060656,-0.7063340542241834,2.5242230805990893,2.5886824783591,-0.2333242167394396,A,-0.020727472287964774,-0.6587760623275127,A,C,-4.149013407804702,0
3.0401985611845426,-2.2387177420835798,-1.006078122425468,-0.5552351492021177,0.38697801591973735,A,-0.08487958059330686,3.2773157159233532,B,B,0.4225725590675845,0
0.7555622444772023,-0.2834567431368602,-1.628273137945857,-1.6807352158579003,0.21226173723634645,A,-0.07303746120379916,-1.3776115651688041,A,E,0.8935302367148465,0
-6.882135990227375,-1.321525613718661,0.2016461823215554,6.011749525287533,3.203965311758922,B,0.03648153750996587,-2.9354609536053147,D,A,-0.4933015879776953,0
-1.0017245120569584,1.2615058061270443,-2.3327634494170764,-0.3037979240589479,-3.881551796013945,B,0.2147780029758113,-1.8246366539610408,D,B,0.6680828514695758,0
1.0961327470161568,-1.4374199220269266,-0.5427328997610383,-1.3270247658820802,1.582224124113087,B,-0.10844998230829679,1.1396084338663597,D,B,-1.56574927931167,0
3.326062988566317,-0.4186844910999653,1.5780075615260638,1.1959055413036581,-2.1029195950088346,A,0.06721607813240377,2.2894003407582058,B,B,1.6241675578534895,0
0.4454351892744959,-2.10417322364807,3.170363932589865,2.211333091384438,0.6605790479983957,B,0.04700952627084373,2.553459801187511,E,B,-2.200917054122269,0
-1.3422976310144725,1.0944449977744175,-0.8816407356736813,-0.5036341106164186,2.219357307904718,B,-0.08866375388030256,1.0644779969268408,D,A,-0.2807877063936701,0
-1.6551753704426384,-2.0093329730885077,4.0114797256516255,-1.40945118838806,0.726256385248816,B,-0.026726041516414598,-1.7570735921786693,A,E,2.8332973208580103,0
-4.067290763907652,-0.06722151500937401,1.3594451438942552,-0.35126710852489995,0.5654700384244797,B,-0.11521228937155414,-3.261359032681102,D,C,-1.3842544157277006,0
-1.1765789875805355,1.0017242365859345,-1.2357212715229542,-1.1041224317822484,1.8805582661547795,A,0.017334937675971256,1.4394576281783489,E,E,-2.194684314318606,0
-0.5350046261367736,0.7312557972955482,0.5629999156634273,0.3196039348798978,-0.8897593209459425,A,0.06150713385483193,-0.8421683694442785,D,B,0.5055301833523793,0
-2.70036664879067,1.6861270424400163,-0.7373530056354438,3.979847348120644,3.2894075570656756,A,0.2298725672063948,0.33844234282386587,E,A,2.7001980216037484,0
-3.0415763246033407,3.3909695555154986,-0.17643143124482052,0.8731755432239303,-1.7904091538315718,B,0.019561959252647376,-0.46463514876904444,B,D,2.272694394240439,0
-2.9763331754328957,-1.507993151631994,2.240257688459125,2.2785201758443026,0.5840845590414656,B,0.019739994269350157,-3.768039949024173,B,E,3.206748059438694,0
1.3213075965183245,-4.352004548517282,2.7232550593831295,-6.257862987986636,-0.28744305669383596,B,-0.08015720626677698,-1.4226246303016832,A,B,-2.7608390691315363,0
3.2986624607353563,-4.39998742918002,0.6830333823019867,-1.9155424488873938,-0.9672658964059686,A,0.10740867279137628,1.0882075112029794,B,E,3.805984100733902,0
-1.558715203728914,-0.19059156840081182,1.404750641999503,0.9739019346430657,1.361186182509123,A,-0.06474851021956339,3.7907822137456284,C,A,-0.33806985645542365,0
-1.0374158257349315,-0.12974470963070717,-0.7386407699145943,2.0937753005050777,2.328615395551295,A,-0.10077765537648305,-0.1060892228398943,D,B,1.7391942330548729,0
0.6648753404787273,-3.4239256298236413,3.01435515620008,0.3132601409754594,3.15472291527038,B,0.1002721847564015,-1.1454689011000387,A,E,0.6533214217360184,0
0.7869652900926167,-0.6352413826364879,-1.808882050382734,-2.9420712261652,-2.492653524580272,A,0.04287655400296979,-0.5157390305689064,D,E,3.5665438780390755,0
0.9932079736030295,-1.0548493009376094,5.262614786980333,1.8155547565089987,-5.113851959521737,A,0.23542361596241498,4.266456719618748,E,B,2.8810332362531,0
2.7322220189049427,-4.844622136897445,2.020873093282207,3.812064563184147,0.967622851153416,A,0.12158158935326097,-3.6769482001909335,A,B,-1.5502339914070933,0
-3.610361281060373,-0.8851400624985156,0.831730888031721,-2.937552189629411,-1.5096881367227288,A,0.21726495221028458,2.414920910870207,D,D,1.6461388355018585,0
-2.7978560929237135,-1.717870009258765,1.6609640452707022,-3.644273418542297,0.19514402111550488,A,-0.18469594964676928,2.6023251741350424,C,E,1.2425486972225495,0
-1.685204622324009,-2.2236271520576203,-0.36576249911700787,-3.431659371134813,0.2486131893614827,B,-0.2005223509155515,2.4757851971725344,C,C,-1.4077745287287757,0
-1.4779773954748952,-3.0225949619257437,0.6467098871875809,-1.9371586128304386,-0.08339303632961714,A,0.23213637353003663,-0.5842558794647621,C,C,2.4388353128890845,0
-2.048220100565958,-0.867368292906138,-0.9548235903585733,-1.984288546947063,0.5233745492556339,A,0.01716740338623577,1.5909346386444518,C,E,1.895378969800734,0
0.26630371576174605,1.3847355906978533,1.9808989809440347,1.0151044479069675,0.29494683233795405,B,-0.2257831191958456,2.167490839483628,A,E,-0.5370940302595042,0
-0.3361625095409998,-1.7064899311224444,-3.8925879670640473,0.13031044305907424,-1.9089109456691034,A,0.1189058876491068,-1.7079506730856027,E,C,-1.6452358915391119,0
-0.8105376298120964,-1.9901024852707065,-0.06932319166028877,-2.6699862642025067,-2.385518564828713,A,-0.08733305940451146,0.21496388580751868,D,E,2.98095820389074,0
0.784921937854082,-1.6643780823101473,0.7119530186984749,-0.10508173644939456,0.924876314004119,A,0.15424480941692045,0.025309024462241814,B,B,2.9213195600911446,0
-3.7273756392721373,-3.405420272528681,-1.1627867855008573,-5.88504090492411,-1.7767098291943635,A,0.14510014357555068,-0.19259354172837517,E,E,3.713405469962035,0
-4.68966781841324,1.7666394533341179,-0.6871826228302822,2.61505946283078,-1.9993824136629637,B,-0.08975697062928323,1.1840709725763463,B,A,1.2157644587232506,0
-1.9378806844972782,3.9656028837921453,-3.4508300670001844,-2.0930673855392197,-0.2770463604115969,B,-0.05416516445899672,1.1467726200169726,E,E,0.09244487039608562,0
2.5829190409498546,0.35790166736154183,-1.863886286960644,1.5686833162687077,1.1081774374902362,B,0.09889793143108033,0.3465016003178485,E,C,4.722606480473268,0
-1.8170795086011435,-1.9703787578298946,-0.33682013266490984,-1.6300541261027597,-1.5803926826792858,B,0.07178295529392949,-1.2981402009970557,B,D,-1.8990936040662594,0
0.6345655305167557,-0.8099499876219027,-2.4510364303835246,2.222028052197629,1.3185091642154885,A,-0.11506425717654711,-3.2549031966692077,D,A,1.509422745880589,0
0.5935925516751115,2.096183741667743,2.5681740312630934,-1.4579155471477663,-4.417921734050434,A,-0.06042687896514383,0.6130265314800827,E,B,0.40829175503082216,0
-0.09726911971349017,-0.7486590431341991,-0.6564874073648139,0.736570680888454,-2.233598689493951,A,0.06045344558156615,-3.181125660743758,D,C,-1.6860085172644412,0
-2.799526911909699,2.806768396500915,2.6394948427759077,-0.9949746497859776,0.10849270438106107,B,-0.056797371643894104,-3.049123487871859,E,A,-3.290074036918864,0
-0.08453322013152709,-0.7367699378586927,-0.3768294568089512,0.9276401276489928,-0.8600480625002223,B,0.01714211847364743,-1.0186295252319328,E,C,-0.5965275608425944,0
-5.864196586950111,-5.729828783717357,3.7755614201958774,-1.4744605492296596,1.3502686373568773,B,0.047916358971677,-3.1605966193355717,B,D,0.5326771103079128,0
-4.114320118259272,1.5864056451836894,-0.8691241134328658,-2.064980443648683,-1.1660480228530412,B,-0.007283581977466142,1.8983082616403852,C,D,1.4116559863861364,0
-1.5601704828768237,-1.017612275399709,0.15350477959633613,2.799076550414754,-1.3116400136998312,A,0.028117482606215733,-1.277203920798291,D,D,-3.529875673586225,0
-4.061509772080654,-0.8841198252518239,-1.097859611886172,1.9947129792172298,-1.2769710792013693,B,0.398316809960679,-0.6615927420547227,A,C,0.09943674782779321,0
-0.1928861150497615,-2.4329394331819554,-0.24850736412498442,1.9630362476630283,-3.7496560555422773,A,-0.03247135058862609,-0.5704409061468911,E,B,-6.074819723999489,0
-3.667147670386611,-8.330332304099233,1.4679158092024174,-1.4016528637939234,-1.790685210473229,B,0.027912787762515517,-2.2075363001398487,A,A,-0.05421197627779395,0
-1.9460827902611635,-0.3598944467505768,2.395489444328143,4.789600246745335,1.1259480687920864,B,0.0055369861955492945,0.36586121489374057,E,D,-0.8038165775012803,0
-2.132418928035084,-1.1835647999163685,2.548915255009616,1.4682307053619732,0.139851896900141,B,-0.09623350018489746,-3.2607589032722646,B,D,2.2525644301547008,0
1.495378120647374,1.7020901762898974,-0.9870498107287988,-2.7724761003060427,-1.8954142824276325,A,-0.013011795529622084,1.3352159331561757,E,E,2.9735925606663773,0
2.255650413293832,-3.1592864414250728,0.14452440861244176,-0.7992679798611013,-0.2704151521221003,A,0.012333998040965124,-1.5550819740525457,B,D,3.3860223804373186,0
-0.9733227239029395,-1.6288276539722766,2.1833473057245065,-0.8302766369963923,-2.338158425227999,B,0.07608566846799539,0.5389206928519008,A,D,-2.403754598197744,0
-3.725512957141698,2.693892004232695,-2.2186649833280137,2.66716951221548,-2.4823564064839196,A,-0.09240794389127305,-1.1723836065258129,C,A,0.5079028102717789,0
-4.122002951094444,-0.9285489404514788,2.7905220414136145,3.4007533916066035,2.4209131295393576,A,-0.09183030839818052,-1.109730264810403,B,C,-1.9990818842650098,0
-0.8386820715023462,0.2277881618267512,0.01117385916172342,-1.240011197910871,-0.6882503650891887,B,-0.0790494395947322,0.6129946386773673,B,B,1.4931082440494297,0
-4.500634095931362,-1.4622171373451525,3.092553891665103,2.9574409013976606,-0.17837958424715084,B,0.0036199897041336118,-2.766011057523289,A,E,-0.009808977353838344,0
0.5756820976762458,1.6654603823543983,0.19981765450298494,-0.018593603003365988,-2.6826864649275106,B,0.11066700533536772,1.7502634440400726,A,C,-1.8205232044089148,0
-0.9551271207200316,-0.9758778129405684,1.5137472674222567,1.4045218509703132,1.470820879952532,A,0.22295225350346476,1.6889170121109676,D,A,1.392178966948975,0
-2.3900521941652535,-0.6747950802920076,-0.35257212428847384,-1.152461322008377,0.6384219915463123,B,-0.10338788307143071,-3.900369564887268,D,C,-0.8455587255265431,0
-1.2975209621178194,0.933685070367118,-0.19535611493055205,-2.1297571902303014,-0.6986627002371604,A,0.07725887339651094,-1.7869674148844763,D,D,0.2521749280981188,0
-2.9187208486231078,0.13445037359952927,3.307141256261666,3.1255582632165884,1.0339900297511089,A,0.043000309604371616,0.5506104479175115,D,A,0.21372865575740696,0
-2.0439141290017266,0.13593407395731494,-1.1516536759640585,-5.536668282400052,1.0954876708789154,A,0.017052848535105383,-2.3785496237176087,D,E,1.4781007456991342,0
-1.0432783849920964,-0.42932966601220945,-0.7124199811909746,0.12101735534768432,-1.418862642701527,A,-0.01501930410525179,-0.42062778315756955,C,C,1.073337508871873,0
-1.130470434915298,-0.9183356504193939,3.891173874120256,-3.385929572906005,0.7995450860061892,B,0.03370509336460925,-0.3253119431007595,C,D,-0.630164535027542,0
-1.1642447220115875,-1.1858213967984925,3.2058925223714954,-0.4495717399090504,0.5360729853541628,A,-0.12922219733004423,0.5520035545029254,A,B,-0.26574110433704345,0
-3.424854695136398,0.22960499826591363,2.110622321797151,2.5849895677466046,1.2644164930668635,B,-0.008812313647057987,-1.7607197607424028,A,E,1.9150705758598883,0
2.3946373019182987,-1.4461477486498757,5.005842971389072,2.139452728914207,-3.2096231290588286,A,0.11046518850499581,1.8683748857934122,D,C,4.066716899974184,0
0.9676636274208548,1.559639538185169,0.3908968509394526,2.165146144918405,-1.5285077717889528,B,-0.0427517623084436,-0.300151122305242,D,B,-0.5662155830646431,0
1.094268226041553,0.04295252791587334,-0.6333685482245672,-1.080843292736621,-2.979432277642362,A,0.14126901630954508,-2.8995868371024223,D,C,1.1861450533685225,0
-0.9689792710584955,-1.6566906214629222,1.8282074517915614,-0.7622764399386128,-0.0234361040411859,A,0.14814656839975393,0.9110947537500198,B,B,0.8847769029480147,0
-0.12746414649518578,0.3089831215715775,1.1070673491126621,-0.6256235952321134,-0.9482824092867195,B,0.028910064448688485,-1.3668959807516354,A,D,1.8572224140196063,0
-1.1586679503887527,-1.2666443836483363,0.20950220727431246,-0.9318150013369132,-0.5695203526244701,B,6.75066660830969e-05,-0.538244528062862,B,B,-0.3310168110498699,0
0.8098370805861704,-3.644130357852485,1.9643661783923205,-0.5136434991617431,-0.7194706692034367,B,0.006424200886033248,1.4350970435078485,B,B,3.688239758269622,0
-2.280584176641157,-0.5111810537081254,6.14066391853456,3.9964152998383224,1.0978881130518472,B,0.009129298603205055,2.6355672489332505,A,E,-2.8966470798868866,0
-1.2844534692630685,-3.1929701261796763,2.0578162164383373,-1.330885774767357,-1.0810825797636596,B,0.11017018266606081,-0.9866799793106676,A,D,0.8299499399148031,0
-3.8898343379038334,4.521661381694752,0.5840055484514446,1.2590686320433426,-1.718495290110742,B,-0.032103477718214105,0.6044170742131891,D,A,0.24736367360470202,0
0.8427713731143855,1.4825844216514414,1.9965025421284026,-1.539112510576119,-1.4178168426202,A,0.03196263253742751,-0.5785575552568841,E,C,1.1733579685136855,0
-1.612105680372799,2.694101982961577,-2.8060257002402405,-5.144244026399192,5.197899064420734,A,0.06139262467108473,0.3227160822907855,E,C,0.4104945086771885,2
-1.9399633855132765,2.794632333731462,0.6397164474018877,3.569896781806754,4.15836117202678,A,0.007829277352479482,0.8280951164891788,B,A,0.26239006797064324,2
-1.330979810761574,3.9051626497077416,-1.7003902867806548,-0.289162301400787,3.7925738107648432,A,0.17950339446121202,0.7849083188928927,E,D,-2.55125107446361,2
-2.6477261021711103,-2.559847190207777,-2.2523667354393218,-0.8656280174627468,-4.735456910107516,A,0.10069667746303819,-1.1308236515086465,B,B,1.508159667418747,2
0.01673403460809575,3.4264716102483295,0.2994954811159283,-1.03502672685444,5.311635875820358,A,-0.12991357482061794,0.5655308037582545,D,E,-2.970896008415957,2
-1.073249044505017,-2.080799241607698,-0.5646334782278917,0.529321515246121,-4.29677726415724,A,0.03496215433165105,-1.826411805946115,B,C,-3.2669752750725403,2
-2.124908812286758,3.8212403692399146,1.9908332582430286,-0.43778194341428134,4.709669484534253,B,-0.027954551139278423,-0.39767927280076165,E,A,2.397680879757354,2
-1.3905010619518001,2.606234320037332,1.073953056477398,2.2333386030624354,4.12083876557919,B,0.0458839635583019,1.429657530130317,A,A,0.7209181008862431,2
-0.4468814801220422,3.2172975023778223,-0.4010860756845871,3.2927434329107834,4.4700119387521635,B,0.14769941528738018,-2.3942731547649787,C,A,3.174239832427024,2
-3.996928731740336,-0.9032943121255214,-1.3800704401602757,-0.261629440581601,-6.060474631026781,A,-0.0766198349229143,-3.299735771556088,A,C,1.804050287361195,2
-0.8085748440392491,2.6093565848642717,-0.7459719879680968,5.811521221231993,4.415251572884152,A,0.02130761934969837,1.2349475506256327,A,A,1.6346261560500066,2
0.26844017626261363,3.093962951561971,-2.03045780713475,-1.1171989987366842,4.248175894439061,A,-0.2971644661032456,1.4177671274702637,E,D,4.500533832697323,2
-0.2506744334816984,2.625197481264723,-2.2201923357794615,-1.0930399656256689,4.409993281672655,A,0.07126543800049534,1.594147223470811,E,D,-1.852114584345725,2
-4.702849788016044,-3.4007685939775336,1.0555993813049742,-0.3509922229917034,-3.7451239024449854,B,-0.028412089513989786,-2.06142157369129,A,D,2.821302536496918,2
-1.950757983902535,3.2072280933975517,-0.665471809023682,-1.4409350054454373,4.203228052765594,A,0.1168013840638768,1.1116599056785945,D,E,-1.101773126962323,2
-0.10067123341133721,2.449120674963058,-3.8652159621947586,-3.1588998362890037,6.465760783603053,A,0.09661761459391807,1.4246907300707476,E,E,-1.963383665077206,2
-1.3374677922029061,3.2515601049071545,-0.9778625828424379,1.7956178422412157,3.8009387087153246,B,-0.059951079476818485,1.1364019924822912,B,B,3.8472134516978898,2
1.3428372102076582,-3.3986403250901613,0.4523463985126881,-2.2365304142414586,-4.188937425890272,A,0.015699891989790802,-3.6658094958928773,C,D,0.8390104886767729,2
3.9594361439383556,-2.3355392270955324,-0.3773400987851252,-3.309906903187124,-5.978032847996788,A,-0.11190692261440825,-0.5534023469214062,C,E,-3.065422587758627,2
4.017002298661743,-3.6336778535667964,1.538518191955038,-0.8892399489439682,-4.07564079293355,B,-0.05316466838824722,-0.6366695483795932,E,E,1.4969680303337456,2
-4.329435172165487,3.323103421731255,-2.4471613123565272,-1.0044521039662555,4.747264883762203,A,0.17841317357762265,1.7674765142136435,E,E,-1.335804183931764,2
-4.759849795595033,-2.3056778947278436,0.7438298128372329,-1.2664107435684535,-4.614708516227233,B,-0.13947457849169992,-1.9170518644837045,A,B,2.194273220360234,2
-3.5925694766632392,-3.1999417348982266,0.05501802918998944,-0.9232588971476161,-3.6461370239635453,B,-0.23340985022216731,-2.6962469647533913,A,B,-0.5507956266066418,2
0.2510137259026961,-1.2732341227499426,-2.0359941131447825,-1.7567277429575126,-5.074126055138092,B,0.03427076037983825,-0.6761365262973968,B,B,-2.7309656883888147,2
-2.9284597042356655,-3.858083661632358,0.9165210050102345,-0.4230215674470642,-3.8743554998742216,B,-0.0658848308318842,2.761691428687443,E,A,0.9049059355878896,2
0.637916553931174,-4.183175101179874,0.635195207535531,-1.9352005865084063,-4.750303229029319,B,0.16690371679211735,0.6036362348199158,B,B,-1.841736860993099,2
0.268718635796678,-5.234476063831758,1.2127131331323093,1.3412837888248532,-7.315090421155721,A,-0.048602285851442655,4.342557516086994,C,B,3.875937933739283,2
-0.4566557336395508,-5.6114452674813124,-0.17384857195491676,-1.297750976093229,-3.9741054510019858,A,0.0627760326266524,-3.7807045091223372,B,D,2.6462485181318254,2
-1.3147784327851741,3.722357271518285,-2.1969967692391865,0.36460389958385286,4.533842227944266,A,-0.009451282541379105,-0.5814020913343759,E,C,4.69908495115741,2
1.0348677477754955,4.321063916968082,0.8741578115077469,3.0537053150614226,3.895351287333357,A,-0.11200504801909372,3.259821180677462,E,A,0.03243816505728425,2
-5.183657561340094,-1.390040495191549,0.3297692864035212,0.09960201606149877,-4.908496295305015,A,0.06774826682908303,-3.7386965228303377,A,B,1.197959179043032,2
2.556102102398047,-1.3957250793124076,-1.8128752158760535,-3.6257968089149077,-6.320127514512554,B,-0.0973466800221163,-3.1473077787453128,A,E,-1.9772407554320894,2
-1.380531048292032,3.4084844710097473,-2.071133022910877,-0.07553317499238221,3.550801971909129,B,0.20366646185499368,-1.5051352337048232,B,B,3.3643014794561212,2
-4.484806993357382,-2.486140143488445,4.270469559756428,-0.08328158219808002,-4.744799475279213,B,0.20937401045204684,0.9871046335682341,E,E,2.949186671823619,2
-0.17896481486242444,-3.7682028674273806,-1.8418443176282988,-0.24775581428601479,-3.839807054744296,A,-0.08680221358007328,-3.365870026503187,E,A,-2.9399426685985994,2
-5.54862829710179,-4.76415376557459,-2.432829757885223,0.8146228176838615,-4.052094849665716,B,-0.0719296383249529,-1.3773004692818427,A,B,0.4683522352991971,2
-1.1576237084185153,-3.0777410549469737,0.1452728042500071,-1.6509426066696347,-4.291380223155098,B,-0.11649526586654212,0.12028815083491329,D,A,0.6155464868001159,2
1.471073532667515,-2.8332504363724444,1.5104289025467583,-1.0653715039960545,-4.413796518979193,A,0.03683690319689242,0.48414802025591475,B,C,-3.795123854959904,2
0.11514166348744981,3.136117677437526,-1.2901829372883222,1.6138379416161135,3.937242956193324,B,0.05792750091374467,-0.1549148880912471,C,B,3.709317784878608,2
0.9576057636003614,2.262327983134986,-0.3558739134239005,-2.17502186933171,5.584114079503873,A,0.004811689127763634,-1.4605548135892552,E,E,-2.8706221352654504,2
